On a mangÃ© pour vous deux formules brunch chez smug's lac 1 (les prix une Ã  12.900 et l autre Ã  14.900);[]
On a mangÃ© pour vous 2 tacos l'un poulet et l'autre viande c'Ã©tait succulent avec des produits frais et quantitÃ© trÃ¨s gÃ©nÃ©reuse Ã  @smug's naser;[]
Salut les OMPViens et les OMPViennes, est-ce que vous savez s'il y a des cafÃ©s et/ou fast foods qui restent ouverts pendant la journÃ©e et oÃ¹ on peut Ã©tudier Ã©tudier tranquillement? (Pomme de pain, smugs, Kraft, ou autres) Merci d'avance;['Cosmitto lac 1 ou La marsa.', 'Toast Menzah5', 'Merci beaucoup', 'Avec plaisir ^^', 'baristas', 'Cooks', 'Cosmitto lac 1 ou La marsa.', 'Toast Menzah5', 'Merci beaucoup', 'Avec plaisir ^^', 'baristas', 'Cooks', 'Cosmitto lac 1 ou La marsa.', 'Toast Menzah5', 'Merci beaucoup', 'Avec plaisir ^^', 'baristas', 'Cooks', 'Cosmitto lac 1 ou La marsa.', 'Toast Menzah5', 'Merci beaucoup', 'Avec plaisir ^^', 'baristas', 'Cooks', 'Cosmitto lac 1 ou La marsa.', 'Toast Menzah5', 'Merci beaucoup', 'Avec plaisir ^^', 'baristas', 'Cooks', 'Cosmitto lac 1 ou La marsa.', 'Toast Menzah5', 'Merci beaucoup', 'Avec plaisir ^^', 'baristas', 'Cooks', 'Cosmitto lac 1 ou La marsa.', 'Toast Menzah5', 'Merci beaucoup', 'Avec plaisir ^^', 'baristas', 'Cooks', 'Cosmitto lac 1 ou La marsa.', 'Toast Menzah5', 'Merci beaucoup', 'Avec plaisir ^^', 'baristas', 'Cooks']
Envie de bruncher, et de pancakes.. Direction Smugs Marsa.. Il fait une chaleur etouffante a l'interieur, le climatiseur souffle et souffre, et nous avec.. Un seul serveur, gentil, mais deborde. On nous apporte les menus. Et on attend.. On reclame a 3 reprises avant que l'on vienne prendre la...;"['Smugs marsa j y ai jamais Ã©tÃ© mais celui de nassr est bien.', ""Il y a une Ã©norme diffÃ©rence entre celui du lac et celui de la marsa. Je suis allÃ© Ã  celui de la marsa et c'Ã©tait merdique. Par contre celui du lac est nettement meilleur"", 'Iy Lac j m souviens c etait bien..', ""C'est bizarre ! J'y vais souvent et le service est d'habitude excellent !!"", ""C'est ou La Villa Carthage??"", ""C'est peut-Ãªtre aussi la chaleur Ã  l'intÃ©rieur qui dÃ©motive le personnel....."", 'Ya 15 jours, dans la meme enseigne pas de climatiseur.\nLe gÃ©rant faisait semblant de rÃ©parer la telecommande.\nØ®Ø±Ø¬Øª Ø§Ù„Ø¨Ø±Ù‘Ø§ ""Ø§Ø¨Ø±Ø¯""', ""smug's el lac kir et la meilleur"", ""Nourriture mÃ©diocre, les serveurs sont sympas mais service trÃ¨s trÃ¨s lent Ã  Sousse ! Les plats servis me contiennent pas ce qui est dÃ©crit dans le menu ! J'y suis allÃ©e deux fois et je n'y retournerai plus c'est dommage car le concept est pas mal"", ""Il n'est bien qu'en hiver! ( Comme beaucoup d'ailleurs!!! )"", ""Le service chez smugs est tjs lent. Chose que je ne comprends pas car c'est partt comme Ã§a : smugs lac,la marsa et mÃªme Ã  sousse. Je n'y ai pas remis les pieds depuis un bon moment."", 'Essayer le brunch de Villa Carthage', ""C'est vraiment dommage j'y Ã©tais ya 3 semaines et le service Ã©tait vraiment impeccable !"", 'Heureusement on a failli y aller !', ""Ã‡a fait un moment que le smugs n'est plus un bon plan :( c dommage."", 'Smugs nasr est le meilleur! Je pence que c une question de gÃ©rance!!', 'Y a le brunch espagnol Ã  villa Carthage, vas y', ""J'y Ã©tais y a pas trop longtemps et j'ai adorÃ© le big brunch c'est vraiment top , on n'a pas eu de problÃ¨me avec le service au contraire ! je le recommande vivement"", 'ğŸ˜±ğŸ˜±ğŸ˜±ğŸ˜± Ya hasra se3a ken tayara, khsara', 'Thanks for your feedback. A place to avoid. :)', ""Dommage, c'Ã©tait trÃ¨s bien avant :("", ""Yassine Smug's de la Marsa!"", ""Dommage, c'Ã©tait trÃ¨s bien avant :("", ""Yassine Smug's de la Marsa!"", ""Dommage, c'Ã©tait trÃ¨s bien avant :("", ""Yassine Smug's de la Marsa!"", ""Dommage, c'Ã©tait trÃ¨s bien avant :("", ""Yassine Smug's de la Marsa!"", ""Dommage, c'Ã©tait trÃ¨s bien avant :("", ""Yassine Smug's de la Marsa!"", ""Dommage, c'Ã©tait trÃ¨s bien avant :("", ""Yassine Smug's de la Marsa!""]"
ğŸ˜‹;[]
"Ø¨Ø±Ø´Ø§ Ù…Ø§ÙƒÙ„Ø© Ø¨Ø±Ø´Ø§ Ø¨Ù†Ø© Ø¨Ø±Ø´Ø§ Ø¬Ùˆ ØŒ ÙƒÙ„ Ø´ÙŠ Ø·ÙŠØ§Ø±Ø© Ø¨Ø§Ù„Ø±Ø³Ù…ÙŠ Ø­Ø§Ø¬Ø© ÙˆØ§ÙˆÙˆ!! â¤â¤
#Mugsburger #food #cousins #breakfast #fun ,
#Thanks #Mugsburger #foreverything ğŸ˜ğŸ˜ğŸ˜";[]
"J'ai mangÃ© pour vous un dÃ©licie de #salade_chicken c'est Ã  9,900d benna ala benna avec un #fresh_sorbet menthe avec une boule de glace citron c'est Ã  essayer et visitÃ©
#Smugs_la_marsa c'est une meilleure endroit mÃªme le service impeccable
J'ai trop aimÃ© vraiment â¤â¤
Elle mÃ©rite le dÃ©placement";[]
"bnin bnin bniiiiiin ... Vous devez l'essayer <3
Chez BY TACOS <3";['', '', '', '', '', '', '', '', '', '', '', '', '', '', '', '']
Bonsoir Alors ici vous pouvez faire votre listing des points de vente ouverts demain :);"[""Gaufr'eat"", 'https://www.facebook.com/Gaufreat/ menzeh 5 et citÃ© olympique', '4.5 Ã©toiles', '4.5 Ã©toiles', ""Gaufr'eat"", 'Freddo lac 2', 'https://www.facebook.com/Restaurant-lArdoise-1663988607208660/', '4.5 Ã©toiles', '4.5 Ã©toiles', 'Freddo lac 2', ""Chili's"", 'La cuisine au 4Ã¨me', 'il y a un lablabi ouvert today?', 'Dar mima', 'Mezzanotte', '', 'La campagnola tunis nasr', 'Club nautique de sidi bou SaÃ¯d', 'https://www.facebook.com/crepecornertunisie/', '4 Ã©toiles', '4 Ã©toiles', 'Chez mamino\nhttps://www.facebook.com/Chez-Ma-mino-805133419535203/', '4.5 Ã©toiles', '4.5 Ã©toiles', 'Chez mamino\nhttps://www.facebook.com/Chez-Ma-mino-805133419535203/', ""Gaufr'eat"", 'Le Dictateur nchallah mouled Moubarek Ã  tous.', 'Pasta cosi', 'https://m.facebook.com/story.php?story_fbid=1536372863143310&id=1204339213013345', ""Ã€ l'occasion du Mouled , nous vous proposons un menu spÃ©cial valable pour le 1er et le 2 dÃ©cembre :\n- Tchich au poulpe\n- Assortiment de salades de la mer\n-...\nPlus"", 'https://m.facebook.com/story.php?story_fbid=1536372863143310&id=1204339213013345', ""Ã€ l'occasion du Mouled , nous vous proposons un menu spÃ©cial valable pour le 1er et le 2 dÃ©cembre :\n- Tchich au poulpe\n- Assortiment de salades de la mer\n-...\nPlus"", 'https://goo.gl/maps/cwuGp9ovLHp\n\nï¿½ CrÃªperie / coffee shop ï¿½Ryadh El Andalous , Ariana ï¿½Tunisie Instagram : Overdozz.food.drinks ï¿½ 58888344', 'https://www.facebook.com/senortacos.tunis/', '4.5 Ã©toiles', '4.5 Ã©toiles', 'https://www.facebook.com/pg/myplaceMenzah5/about/', '5 Ã©toiles', '5 Ã©toiles', 'Hangar la marsa', 'Antony La Marsa de 12h Ã  23h', 'Pasta cosi lac', 'club les jasmins a partir de 11h', '106 station', 'Goombas jardin de Carthage et menzah6\nMouledkom mabrouk', 'https://m.facebook.com/Ã€-la-Sallala-1592020954159749/', '5 Ã©toiles', '5 Ã©toiles', ""https://www.facebook.com/lacaverneagouter/ @lacaverneagouter ouvert demain de 8h jusqu'Ã  21h"", '5 Ã©toiles', '5 Ã©toiles', 'https://www.facebook.com/LegendsMegrine/\nOuvert demain :)', '', '', 'Pizza The Hood 16h30=>23h', 'Ouverts <3\nhttps://www.facebook.com/versailles.cafe.ennasr/', '', '', ""Smug's"", 'Samo di pasta marsa plage', 'Traiteur PrÃªt Ã  Savourer - Traiteur Ã©vÃ©nementiel est ouvert\nhttps://www.facebook.com/Traiteur-PrÃªt-Ã -Savourer-Traiteur-Ã©vÃ©nementiel-1794971500745603/', '4.5 Ã©toiles', '4.5 Ã©toiles', 'Brasserie le phenix ouvert demain', 'https://m.facebook.com/Crock.Piizza/\nOuvert demain et livraison disponible :))', '', '', 'Coste sidi bousaid', ""Tapas'Ta ma7loulin :)\nhttps://www.facebook.com/TapasTa-193292744490586/"", '5 Ã©toiles', '5 Ã©toiles', 'Keens CafÃ© Sidi Bou Said', 'https://www.facebook.com/Pizzeriadumonde/', '', '', 'https://www.facebook.com/dapietro13/', '', '', 'CafÃ© journal La Marsa', 'https://www.facebook.com/bessioudali/', '', '', 'Ristorante Nonna Carmela, ouvert demain.', 'Doodle - Burger Bar ouvert demain ! :)', 'Le depot-lafayette ouvert demain', 'Maison turki menzah 6', 'The View - Bistrot Marin ouvert demain', 'Mamma Time Menzah 9, Marsa, GÃ©ant ouverts demain', 'Ouvert demain', 'https://m.facebook.com/Ledepotlafayette/\n\nOuvert demain aussi â˜ºï¸', '5 Ã©toiles', '5 Ã©toiles', 'OcÃ©an club avec menu spÃ©cial mouled', ""#croust' est ouvert demain"", ""Smug's ouvert demain !"", 'La brioche ouverte demain ğŸ˜‰', 'Ablas sweet & wedding fermÃ© demain', 'B lounge menzah 1 en face du baroque et rids lac 2 ouvert', 'Le Palais des lys est ouvert demain ğŸ˜Š', 'PÃ¢tisserie Madame hachicha ouverte avec de trÃ¨s bonnes assida', 'Tamari Sushi ouvert demain.', 'Insomnia ouverte demain ğŸ˜‹', 'Le panier ouvert route de gammarth', 'Eric Kayser', 'le gourmet menzah 5 ouvert demain', 'Ardoise ouvert demain', 'Moustache CafÃ©\nAvenue de la Bourse, Tunis\n71 198 241\n\nhttps://goo.gl/maps/HE2vbD73xrJ2', 'Adon le gourmand ouvert demain', 'Baya patisserie ouverte demain', ""Le trait d'union menzah 6 ouvert demain et happy mouled :)"", 'Paul est ouvert demain vendredi 1er dÃ©cembre.']"
On s'est regalÃ© pour vous chez Pasta Cosi avec des plats dÃ©licieux mes amis ont pris le wiskypedia au saumon & crevettes super bon , des spagettis fruits de mer excellentes et moi des tagliatellis aux crevettes roquettes aubergines trop bonnes le tout prepare dans le parmigiano bowl..service parfait...;"['Se resto bahdha clinique l BergÃ© du lac des plats a couper le souffle super bon', 'Staff hyper gentil, mais il faut Ã©viter les samedi les pÃ¢tes sont peu gourmande', 'Youssef Marrakchi', 'Adresse??', 'Hassine Sfar', 'Hend Ben Taleb', 'Les prix svp?', 'Saar Ah', '', '', 'je confirme top du top', 'Je confirme', 'Heikel Ben AmorLakhal Ahmed', 'Lilia Ettriki pour bientÃ´t inchallah ğŸ˜‰', 'Nader Jeridi Youssef Marrakchi nemchiw ?', 'Je confirme ğŸ‘ŒğŸ‘Œ', 'Chiraz Ayachi', 'Abir Sghaier Ep Amraoui', 'I love it too ğŸ‘ŒğŸ‘ well done pasta cozi team ğŸ‘', 'ÙŠØ¯ÙˆØ®Ùˆ les plats Ù…ØªØ§Ø¹Ù‡Ù… Ø¨Ø§Ù„Ø­Ù‚ Ø§Ù„Ù„ÙŠ ÙŠÙ…Ø´ÙŠ Ù…ÙŠÙ†Ø¯Ù…Ø´', 'Taissir Azzouz', 'Nesrine Guermazi Emna Guermazi lezemna nemchiwlou hetha ;)', 'Taissir Azzouz', 'Nesrine Guermazi Emna Guermazi lezemna nemchiwlou hetha ;)', 'Taissir Azzouz', 'Nesrine Guermazi Emna Guermazi lezemna nemchiwlou hetha ;)', 'Taissir Azzouz', 'Nesrine Guermazi Emna Guermazi lezemna nemchiwlou hetha ;)', 'Taissir Azzouz', 'Nesrine Guermazi Emna Guermazi lezemna nemchiwlou hetha ;)', 'Taissir Azzouz', 'Nesrine Guermazi Emna Guermazi lezemna nemchiwlou hetha ;)']"
Bonjour, un bon plan Bouza zone banlieue Nord svp les amis. merci;"['La meilleure bouza c est les galets', 'Les galets 25 Dt Le litre', 'Le panier en face du relais', 'Le panier 22dt le litre', 'CÃ´tÃ© marchÃ©, marchÃ© de la marsa', 'les galets la marsa 25 d', '', 'Cheesecake Side Ã  Sidi Bou Said vous trouverez la bouza traditionnelle (Ã  base de noisettes, sorgho et sÃ©sames)', 'Celle des ""les galets"" vraiment dÃ©ception, trop liquide', 'Raida Abid', 'Les galets', 'https://www.facebook.com/epicerieconfiserie/photos/a.1117435814935943.1073741828.1117431781603013/1253045234708333/?type=3&theater', 'Hmmm, Bouza noisettes ou Bouza pistaches? ... Et pourquoi pas les deux tiens! :)', '#croust', 'Les galets', 'https://www.facebook.com/epicerieconfiserie/photos/a.1117435814935943.1073741828.1117431781603013/1253045234708333/?type=3&theater', 'Hmmm, Bouza noisettes ou Bouza pistaches? ... Et pourquoi pas les deux tiens! :)', '#croust', 'Les galets', 'https://www.facebook.com/epicerieconfiserie/photos/a.1117435814935943.1073741828.1117431781603013/1253045234708333/?type=3&theater', 'Hmmm, Bouza noisettes ou Bouza pistaches? ... Et pourquoi pas les deux tiens! :)', '#croust', 'Les galets', 'https://www.facebook.com/epicerieconfiserie/photos/a.1117435814935943.1073741828.1117431781603013/1253045234708333/?type=3&theater', 'Hmmm, Bouza noisettes ou Bouza pistaches? ... Et pourquoi pas les deux tiens! :)', '#croust', 'Les galets', 'https://www.facebook.com/epicerieconfiserie/photos/a.1117435814935943.1073741828.1117431781603013/1253045234708333/?type=3&theater', 'Hmmm, Bouza noisettes ou Bouza pistaches? ... Et pourquoi pas les deux tiens! :)', '#croust', 'Les galets', 'https://www.facebook.com/epicerieconfiserie/photos/a.1117435814935943.1073741828.1117431781603013/1253045234708333/?type=3&theater', 'Hmmm, Bouza noisettes ou Bouza pistaches? ... Et pourquoi pas les deux tiens! :)', '#croust', 'Les galets', 'https://www.facebook.com/epicerieconfiserie/photos/a.1117435814935943.1073741828.1117431781603013/1253045234708333/?type=3&theater', 'Hmmm, Bouza noisettes ou Bouza pistaches? ... Et pourquoi pas les deux tiens! :)', '#croust']"
Bonjour tout le monde :) Aidkom Mabrouk w Snin Deyma :) Brabi famma chkoun ya3mel Burger ma7loul elyoum fel nasr walla el Menzah ?;"[""Normalement Smug's Ã  partir de midi"", ""Normalement Smug's Ã  partir de midi"", ""Normalement Smug's Ã  partir de midi"", ""Normalement Smug's Ã  partir de midi"", ""Normalement Smug's Ã  partir de midi"", ""Normalement Smug's Ã  partir de midi"", ""Normalement Smug's Ã  partir de midi"", ""Normalement Smug's Ã  partir de midi""]"
SVP pour une amie enceinte et qui veut manger un truc Ã  cet heur avant la rupture de jeÃ»ne, il y t il des fast food ouvert Ã  cet heur svp? Merci ...;['Al Dhiefa au lac2 trÃ¨s bonne cuisine tunisienne il font de l emportÃ©', 'Basile Pizza Livre apartir de 19h', 'Apel le 25643643 b lounge a mutu il font a emportÃ© pizza lasagne crepe panini', 'Merci Ã  tous', 'Famma groupe fater .. va jeter un oeilğŸ˜‰', 'Smugs lac mabillon manzah ! 9hawi qui font Ã  manger', 'Demande Ã  Adel Almi', 'Il ya un groupe sypatique la ou il ya tt les adresses ouvert sur tunis . Ismou fater.', 'Groupe oui, sympathique pas du tout. Trop de vulgaritÃ© dans ce groupe mal gÃ©rÃ©', 'Al Dhiefa au lac2 trÃ¨s bonne cuisine tunisienne il font de l emportÃ©', 'Basile Pizza Livre apartir de 19h', 'Apel le 25643643 b lounge a mutu il font a emportÃ© pizza lasagne crepe panini', 'Merci Ã  tous', 'Famma groupe fater .. va jeter un oeilğŸ˜‰', 'Smugs lac mabillon manzah ! 9hawi qui font Ã  manger', 'Demande Ã  Adel Almi', 'Il ya un groupe sypatique la ou il ya tt les adresses ouvert sur tunis . Ismou fater.', 'Groupe oui, sympathique pas du tout. Trop de vulgaritÃ© dans ce groupe mal gÃ©rÃ©', 'Al Dhiefa au lac2 trÃ¨s bonne cuisine tunisienne il font de l emportÃ©', 'Basile Pizza Livre apartir de 19h', 'Apel le 25643643 b lounge a mutu il font a emportÃ© pizza lasagne crepe panini', 'Merci Ã  tous', 'Famma groupe fater .. va jeter un oeilğŸ˜‰', 'Smugs lac mabillon manzah ! 9hawi qui font Ã  manger', 'Demande Ã  Adel Almi', 'Il ya un groupe sypatique la ou il ya tt les adresses ouvert sur tunis . Ismou fater.', 'Groupe oui, sympathique pas du tout. Trop de vulgaritÃ© dans ce groupe mal gÃ©rÃ©', 'Al Dhiefa au lac2 trÃ¨s bonne cuisine tunisienne il font de l emportÃ©', 'Basile Pizza Livre apartir de 19h', 'Apel le 25643643 b lounge a mutu il font a emportÃ© pizza lasagne crepe panini', 'Merci Ã  tous', 'Famma groupe fater .. va jeter un oeilğŸ˜‰', 'Smugs lac mabillon manzah ! 9hawi qui font Ã  manger', 'Demande Ã  Adel Almi', 'Il ya un groupe sypatique la ou il ya tt les adresses ouvert sur tunis . Ismou fater.', 'Groupe oui, sympathique pas du tout. Trop de vulgaritÃ© dans ce groupe mal gÃ©rÃ©', 'Al Dhiefa au lac2 trÃ¨s bonne cuisine tunisienne il font de l emportÃ©', 'Basile Pizza Livre apartir de 19h', 'Apel le 25643643 b lounge a mutu il font a emportÃ© pizza lasagne crepe panini', 'Merci Ã  tous', 'Famma groupe fater .. va jeter un oeilğŸ˜‰', 'Smugs lac mabillon manzah ! 9hawi qui font Ã  manger', 'Demande Ã  Adel Almi', 'Il ya un groupe sypatique la ou il ya tt les adresses ouvert sur tunis . Ismou fater.', 'Groupe oui, sympathique pas du tout. Trop de vulgaritÃ© dans ce groupe mal gÃ©rÃ©', 'Al Dhiefa au lac2 trÃ¨s bonne cuisine tunisienne il font de l emportÃ©', 'Basile Pizza Livre apartir de 19h', 'Apel le 25643643 b lounge a mutu il font a emportÃ© pizza lasagne crepe panini', 'Merci Ã  tous', 'Famma groupe fater .. va jeter un oeilğŸ˜‰', 'Smugs lac mabillon manzah ! 9hawi qui font Ã  manger', 'Demande Ã  Adel Almi', 'Il ya un groupe sypatique la ou il ya tt les adresses ouvert sur tunis . Ismou fater.', 'Groupe oui, sympathique pas du tout. Trop de vulgaritÃ© dans ce groupe mal gÃ©rÃ©', 'Al Dhiefa au lac2 trÃ¨s bonne cuisine tunisienne il font de l emportÃ©', 'Basile Pizza Livre apartir de 19h', 'Apel le 25643643 b lounge a mutu il font a emportÃ© pizza lasagne crepe panini', 'Merci Ã  tous', 'Famma groupe fater .. va jeter un oeilğŸ˜‰', 'Smugs lac mabillon manzah ! 9hawi qui font Ã  manger', 'Demande Ã  Adel Almi', 'Il ya un groupe sypatique la ou il ya tt les adresses ouvert sur tunis . Ismou fater.', 'Groupe oui, sympathique pas du tout. Trop de vulgaritÃ© dans ce groupe mal gÃ©rÃ©', 'Al Dhiefa au lac2 trÃ¨s bonne cuisine tunisienne il font de l emportÃ©', 'Basile Pizza Livre apartir de 19h', 'Apel le 25643643 b lounge a mutu il font a emportÃ© pizza lasagne crepe panini', 'Merci Ã  tous', 'Famma groupe fater .. va jeter un oeilğŸ˜‰', 'Smugs lac mabillon manzah ! 9hawi qui font Ã  manger', 'Demande Ã  Adel Almi', 'Il ya un groupe sypatique la ou il ya tt les adresses ouvert sur tunis . Ismou fater.', 'Groupe oui, sympathique pas du tout. Trop de vulgaritÃ© dans ce groupe mal gÃ©rÃ©']
Brabi meilleur plan hamburger svp.merci;"['Le carmine route du relais', 'La fabric, au malaga la marsa', 'Zink', 'Zink fil menzah wala doodle el marsa, best burger ever fi zouz', ""Zink le meilleur ! Chili's pas mal aussi."", 'LE zink ou bien mustach naser', 'Le zink A9wa We7ed', 'Klass route megrine', 'Doodle la Marsa top', ""Moi j'aime beaucoup la fabrique la Marsa mieux que doodle"", 'Doodle la marsa ou bien le zink menzah 1', 'Le zink menzeh â˜º', 'smugs lac', 'Zink', 'Le zinc est top.', 'Zink menzah 1', 'Incontestablement le zink', 'le zink', 'doodle la marsa', 'zink', 'Aidek mabrouk\nLe Rustik ennasr sinon le Zink incontournable :)', 'Le zink', 'DOODLE LA MARSA LE MEILLEUR HAMBURGER', 'Doodle', 'Doodle', 'Doodle la Marsa ou bien le zink menzah', 'Doodle mais un embouteillage monstre pour rentrer Ã  la marsa on a fait demi-tour', 'Aidek mabrouk\nLe Rustik ennasr sinon le Zink incontournable :)', 'Le zink', 'DOODLE LA MARSA LE MEILLEUR HAMBURGER', 'Doodle', 'Doodle', 'Doodle la Marsa ou bien le zink menzah', 'Doodle mais un embouteillage monstre pour rentrer Ã  la marsa on a fait demi-tour', 'Aidek mabrouk\nLe Rustik ennasr sinon le Zink incontournable :)', 'Le zink', 'DOODLE LA MARSA LE MEILLEUR HAMBURGER', 'Doodle', 'Doodle', 'Doodle la Marsa ou bien le zink menzah', 'Doodle mais un embouteillage monstre pour rentrer Ã  la marsa on a fait demi-tour', 'Aidek mabrouk\nLe Rustik ennasr sinon le Zink incontournable :)', 'Le zink', 'DOODLE LA MARSA LE MEILLEUR HAMBURGER', 'Doodle', 'Doodle', 'Doodle la Marsa ou bien le zink menzah', 'Doodle mais un embouteillage monstre pour rentrer Ã  la marsa on a fait demi-tour', 'Aidek mabrouk\nLe Rustik ennasr sinon le Zink incontournable :)', 'Le zink', 'DOODLE LA MARSA LE MEILLEUR HAMBURGER', 'Doodle', 'Doodle', 'Doodle la Marsa ou bien le zink menzah', 'Doodle mais un embouteillage monstre pour rentrer Ã  la marsa on a fait demi-tour', 'Aidek mabrouk\nLe Rustik ennasr sinon le Zink incontournable :)', 'Le zink', 'DOODLE LA MARSA LE MEILLEUR HAMBURGER', 'Doodle', 'Doodle', 'Doodle la Marsa ou bien le zink menzah', 'Doodle mais un embouteillage monstre pour rentrer Ã  la marsa on a fait demi-tour']"
"Bourjoulia Ã§a fait 10 jrs que nous sommes Ã  tunis ma femme et moi on Ã  presque toutes essayer grÃ¢ce Ã  vous et Ã  ce Groupe ce soir on repart Ã  Djerba
une derniÃ¨re recommandation de pti dÃ©j svp merci
(Voici quelques photos de nos expÃ©riences culinaires)";['Sonya Mofti Ben Rhouma', 'Sonya Mofti Ben Rhouma', 'Sonya Mofti Ben Rhouma', 'Sonya Mofti Ben Rhouma', 'Sonya Mofti Ben Rhouma', 'Sonya Mofti Ben Rhouma', 'Sonya Mofti Ben Rhouma', 'Sonya Mofti Ben Rhouma']
Bonjour! Un bon plan petit dej Ã  la Marsa ? Merci :);"['ija ba7dheya lil bureau :p', 'gourmandise sur le corniche .', 'La tournelle sidi bousaid', 'https://www.facebook.com/pages/La-Tournelle-Sidi-Bousaid/312840582144795', '4 Ã©toiles', '4 Ã©toiles', ""Smug's"", 'North shore', 'Gourmandise ou gourmet', 'Eric kaiser', 'ija ba7dheya lil bureau :p', 'gourmandise sur le corniche .', 'La tournelle sidi bousaid', 'https://www.facebook.com/pages/La-Tournelle-Sidi-Bousaid/312840582144795', '4 Ã©toiles', '4 Ã©toiles', ""Smug's"", 'North shore', 'Gourmandise ou gourmet', 'Eric kaiser', 'ija ba7dheya lil bureau :p', 'gourmandise sur le corniche .', 'La tournelle sidi bousaid', 'https://www.facebook.com/pages/La-Tournelle-Sidi-Bousaid/312840582144795', '4 Ã©toiles', '4 Ã©toiles', ""Smug's"", 'North shore', 'Gourmandise ou gourmet', 'Eric kaiser', 'ija ba7dheya lil bureau :p', 'gourmandise sur le corniche .', 'La tournelle sidi bousaid', 'https://www.facebook.com/pages/La-Tournelle-Sidi-Bousaid/312840582144795', '4 Ã©toiles', '4 Ã©toiles', ""Smug's"", 'North shore', 'Gourmandise ou gourmet', 'Eric kaiser', 'ija ba7dheya lil bureau :p', 'gourmandise sur le corniche .', 'La tournelle sidi bousaid', 'https://www.facebook.com/pages/La-Tournelle-Sidi-Bousaid/312840582144795', '4 Ã©toiles', '4 Ã©toiles', ""Smug's"", 'North shore', 'Gourmandise ou gourmet', 'Eric kaiser', 'ija ba7dheya lil bureau :p', 'gourmandise sur le corniche .', 'La tournelle sidi bousaid', 'https://www.facebook.com/pages/La-Tournelle-Sidi-Bousaid/312840582144795', '4 Ã©toiles', '4 Ã©toiles', ""Smug's"", 'North shore', 'Gourmandise ou gourmet', 'Eric kaiser', 'ija ba7dheya lil bureau :p', 'gourmandise sur le corniche .', 'La tournelle sidi bousaid', 'https://www.facebook.com/pages/La-Tournelle-Sidi-Bousaid/312840582144795', '4 Ã©toiles', '4 Ã©toiles', ""Smug's"", 'North shore', 'Gourmandise ou gourmet', 'Eric kaiser', 'ija ba7dheya lil bureau :p', 'gourmandise sur le corniche .', 'La tournelle sidi bousaid', 'https://www.facebook.com/pages/La-Tournelle-Sidi-Bousaid/312840582144795', '4 Ã©toiles', '4 Ã©toiles', ""Smug's"", 'North shore', 'Gourmandise ou gourmet', 'Eric kaiser']"
bonsoir .svp un bon endroit Ã  tunis pour prendre le petit dÃ©j avec des enfants.merci;"['Oui kayser ..acceuil top..terrasse agreable et stt super bon', 'Baiyoke lac1', 'La croisette Lac 1', 'Thama cafÃ© fil manar fehaa partie mta3 sgare ta7founa', 'Cozy corner derriÃ¨re le millenium', 'The hills carthage en face de la mosquee zine el abidine . Ya un grand parc ou les enfants peuvent jouer', 'the hills en face de la mosquÃ©e el abidine Ã  carthage .c variÃ© comme formule et y a un grand parc pour les enfants. Il faut prÃ©voir des chapeaux pour les enfants', 'Chez mes grands parents', 'the hills carthage en face de la mosquÃ©e un bon plan pour accompagner les enfants', 'Bowling entrÃ©e du lac croisement dimanche matin', 'Ya pas de ptit dej avec des enfants ...;)', 'Aquatic', 'Movempick gammareth', 'Le carnoy menzeh 5', 'Babboucha', 'https://www.facebook.com/Cozy.Corner.LaMarsa/', '4 Ã©toiles', '4 Ã©toiles', ""Smug's"", 'Eric kayser', 'Ya pas de ptit dej avec des enfants ...;)', 'Aquatic', 'Movempick gammareth', 'Le carnoy menzeh 5', 'Babboucha', 'https://www.facebook.com/Cozy.Corner.LaMarsa/', '4 Ã©toiles', '4 Ã©toiles', ""Smug's"", 'Eric kayser', 'Ya pas de ptit dej avec des enfants ...;)', 'Aquatic', 'Movempick gammareth', 'Le carnoy menzeh 5', 'Babboucha', 'https://www.facebook.com/Cozy.Corner.LaMarsa/', '4 Ã©toiles', '4 Ã©toiles', ""Smug's"", 'Eric kayser', 'Ya pas de ptit dej avec des enfants ...;)', 'Aquatic', 'Movempick gammareth', 'Le carnoy menzeh 5', 'Babboucha', 'https://www.facebook.com/Cozy.Corner.LaMarsa/', '4 Ã©toiles', '4 Ã©toiles', ""Smug's"", 'Eric kayser', 'Ya pas de ptit dej avec des enfants ...;)', 'Aquatic', 'Movempick gammareth', 'Le carnoy menzeh 5', 'Babboucha', 'https://www.facebook.com/Cozy.Corner.LaMarsa/', '4 Ã©toiles', '4 Ã©toiles', ""Smug's"", 'Eric kayser', 'Ya pas de ptit dej avec des enfants ...;)', 'Aquatic', 'Movempick gammareth', 'Le carnoy menzeh 5', 'Babboucha', 'https://www.facebook.com/Cozy.Corner.LaMarsa/', '4 Ã©toiles', '4 Ã©toiles', ""Smug's"", 'Eric kayser', 'Ya pas de ptit dej avec des enfants ...;)', 'Aquatic', 'Movempick gammareth', 'Le carnoy menzeh 5', 'Babboucha', 'https://www.facebook.com/Cozy.Corner.LaMarsa/', '4 Ã©toiles', '4 Ã©toiles', ""Smug's"", 'Eric kayser']"
"ompv un tacos shawarma chez chaneb Nassr
il est super, gÃ©nÃ©reux, goÃ»teux, avec des sauces qui sortent de l'ordinaire
prix 6500 dt";[]
"Le fameux zaama zaama 'red fruits pancakes' ğŸ˜¡
C'est euh.. c'est juste 'red' quoi ! Degeu !";[]
"Ompv au smugs du marsa un dÃ©lice Burger ğŸ” fried chicken Ã  la base de poulet ğŸ— panÃ© "" apparemment c'est un nv pain ğŸ vraiment le vrai pain Burger ğŸ” ""
L'essentiel pour moi le dÃ©licie de goÃ»t et le fraÃ®cheur des produits smugs â¤â¤
Je donne une note 9/10 excellent mÃªme le service trÃ¨s emmables";[]
"Hello les gourmands, aujourd'hui on a mangÃ© pour vous un exellent brunch Ã  la ""Station 106"" ennasr un succulent menu ""Hallelujah"" pour deux personnes (j'ai deja commencÃ© Ã  manger avant la prise de la photo), comme d'habitude le service est exellent et pour la quantitÃ© c'est Ã  vous de juger...ce...";"['Malek Bouslama', 'Linda Sdiri', 'Wael', 'MÄƒrwÄ™n', 'Dorra Saadaoui', 'Oussama Sahbani ija inbox ğŸ˜ˆ', 'Wijdene Benjemaa', 'Bellehi win ?', 'Trabelsi Dhouibi Sannou', 'Heyel', 'Wissem Guermich', 'Khalil Naffeti', 'Bonjour SVP l adresse', 'Win exact ??', 'Leila Njah nemchiw', 'Souha Jedidi', 'Ghassen Belhaj Yahia', 'Ø®Ù„ÙŠØªÙ„Ùƒ Ù…Ø³Ø§Ø¬ Ø§Ø³Ø§Ù…Ø©', 'Sarra Ben Salem', 'Amir Cherif Wajih Kh Manel Zhioua Afra Achref Amera', 'Je trouv k c cher c plein de sucrerie', 'Amira Khayati Ep Ayachi', 'Cyrine MdallağŸ˜', 'Dali Affes', 'Firas Ben Ayed : 7atta hamed 9allek y7eb nemchiw :-)', 'Nadia Zayene', 'Nader Jenhani Nadia Jenhani wa9teh nemchiw ??', 'Don Dali', 'chaker jaber', 'Salma Ferjeny wa9teh nemchiw', ""Shaima M'ch"", 'HanÃ©n Ghammour', 'Nahed Cheikhrouhou ena bch nsaba7 ghadi winti ??', 'Ab Dou je veux caaaaa ğŸ˜ğŸ˜ğŸ˜', 'Chayma ğŸ˜£ğŸ˜£ğŸ˜£ğŸ˜£', 'Maroucha Ammari Jemal', 'Ones Chatty Ã§a te rappelle pas un brunch', 'Rahmouni Amina', 'Helmi & Malak 9alelkom firas n7eb nemchiw:p', 'Khaled Alimi', 'Sarah Jebali BenMbarek cho hedhi khir', '25dt pour 2 prs ?!', 'Ils ont des crÃªpes trop bonnes!! Je recommande vivement aussi', 'Ø¨Ø¹Ø¶ Ø§Ù„Ø£Ø³Ø¦Ù„Ø© ÙƒØ§Ù† ØªØ³Ù…Ø­ :\nØ´Ù†ÙˆØ© Ø§Ù„Ù„ÙŠ ÙÙŠ Ø§Ù„Ø²ÙˆØ² ÙƒÙŠØ³Ø§Ù† Ø§Ù„Ù„ÙŠ Ø¨Ø­Ø°Ø§ Ø¯Ø¨ÙˆØ²Ø© Ø§Ù„Ù…Ø§Ø¡ØŸ\nØ´Ù†ÙˆØ© Ø§Ù„Ù„ÙŠ ÙÙŠ Ø§Ù„ÙƒØ§Ø³ Ø§Ù„Ø§Ø­Ù…Ø± Ùˆ Ø§Ù„Ø§Ø®Ø¶Ø±ØŸ\nØ´Ø¨ÙŠ ÙÙ…Ø§ ÙƒØ§Ù† ÙƒØ¹Ø¨Ø© ÙƒØ±ÙˆØ§Ø³ÙˆÙ†ØŸ\nÙƒØ§Ù† ÙÙ…Ø§ Ø­Ø§Ø¬Ø© Ø£Ø®Ø±Ù‰ ØªÙˆØ© Ù†Ù‚Ù„Ùƒ ğŸ˜', 'Mustapha', 'Ferdaous Jlassi', 'MontÃ  SsÃ r', 'Chf Rimes ChaÃma', 'Aziz Ben Farhat fenaqer', 'Eya Riahi Yessin Kanoun', 'ChaÃ¯ma Bououni', 'Hana Ferjani', 'Beaucoup de farines', 'Hajar Satty', 'Ahlem Trabelsi Mayssa Ghribi', 'Nadia Bayou', 'Narjes eleuch', 'Aziz Boussema Nour Rais Sadri Djait', 'Hela Rais sa7itek', 'Haythem Trabelsi', 'C oÃ¹ exactement?', 'Sana Sanou Bouassida', 'Ø§Ù„ÙƒØ«Ø±Ø© ÙˆÙ‚Ù„Ø© Ø§Ù„Ù…Ù†ÙØ¹Ø©', 'Dalel Mouelhi', 'Trop de salami et des produits industrialisÃ©s', 'Ø·Ù„Ø¹Øª Ø¹Ù„Ù‰ Ø§Ù„ÙƒØ±Ø³ÙŠ Ø¨Ø§Ø´ ØµÙˆØ±ØªÙ‡Ø§ ğŸ¤”ğŸ¤”ğŸ¤”ğŸ¤”', 'Ali Belhadj Ali', 'Hiba Chamekh', 'Joudette Jiji AmÃ¨ni Sn Asma Nani ;)', 'Mariouma Cherif', 'Sarra Souayah', 'Cyrine Zayani', 'Soumaya Mamlouk Sinini Mariouma Mimi Imen Mimou A', 'Fatma Cherif Kanzari Ã§a m\'Ã  tt l\'air d\'une pub pour l enseigne wala peut Ãªtre mte3ou chkawlik za3ma surtt la foto bich tontok ğŸ¤£ğŸ¤£ğŸ¤£ğŸ¤£ ""sans rancune je vs taquine oussama""', 'Amel Zgarni Salima Basly @Amal Moumou Benzarti', 'Wajih Hajji', 'Maher Oueriemmi', 'Je recommande Douha Houaes']"
A good start for the day, missing this brunch so much.;[]
Ompv au smug's du lac un US sandwich(poulet crÃ¨me cheese) c'est nouveau a 8 dt je pense, vraiment un rÃ©gal je note 9.5/10 Et un mojito a 5 dt pas mal du tt;['Je confirmeeeeeeeee', 'Je confirmeeeeeeeee', 'Je confirmeeeeeeeee', 'Je confirmeeeeeeeee', 'Je confirmeeeeeeeee', 'Je confirmeeeeeeeee', 'Je confirmeeeeeeeee', 'Je confirmeeeeeeeee']
"Enjoy your meal ğŸ˜†
ğŸ”ğŸŸğŸ³ğŸ—ğŸ•ğŸ®ğŸ¹";[]
Notre dÃ©tour journalier Ã  smug's&go , ompv 1 donuts Nutella Ã  2.5dt que je note 9/10 et une verrine banoffe top top 10/10Ã  3.5 dt et 2 cafÃ©s ,endroit agrÃ©able le seul bÃ©mol l'odeur du tabac;['Wiem Wiwi', 'Lac 2 ?', 'Oui je confirme super bon leur donut', 'Bilel Ben Brahim', 'Wiem Wiwi', 'Lac 2 ?', 'Oui je confirme super bon leur donut', 'Bilel Ben Brahim', 'Wiem Wiwi', 'Lac 2 ?', 'Oui je confirme super bon leur donut', 'Bilel Ben Brahim', 'Wiem Wiwi', 'Lac 2 ?', 'Oui je confirme super bon leur donut', 'Bilel Ben Brahim', 'Wiem Wiwi', 'Lac 2 ?', 'Oui je confirme super bon leur donut', 'Bilel Ben Brahim', 'Wiem Wiwi', 'Lac 2 ?', 'Oui je confirme super bon leur donut', 'Bilel Ben Brahim', 'Wiem Wiwi', 'Lac 2 ?', 'Oui je confirme super bon leur donut', 'Bilel Ben Brahim', 'Wiem Wiwi', 'Lac 2 ?', 'Oui je confirme super bon leur donut', 'Bilel Ben Brahim']
J'ai savourÃ© un wrap poulet panÃ© et le sandwich jambon mozzarella et un smoothie fraise ğŸ“ Ã  seulement 10,700 chez smug's&go oilibya mannar 3 vraiment c'est magnifique un lÃ©ger dÃ©lice ğŸ‘ŒğŸ»ğŸ˜;[]
Opmv un brunch pour 2 personnes le GENEROUS au smug's du lac ,pour moi c'est le meilleur brunch et le plus consistant Ã  29 dt vraiment top top top ğŸ˜ğŸ˜ğŸ˜ğŸ˜ bravo Ã  toute l'Ã©quipe et un trÃ¨s bon service;"['Je trouve quâ€™il font des Ã©conomies sur le pain. 3 morceaux de pains pour 1 si grand plateau ? DÃ©jÃ  essaye et jâ€™ai fait la mÃªme remarque!', '29 pour 2?', 'Salma Tayachi Ã‰pouse Chaibi', 'Mariem Hi jawek ğŸ˜‰', 'Hhhhhhhhh ya 7asra 3leha smugs', 'jarrÃ©b celui de versaille f ennaser w ed3ili bl khir !', 'Walid Bhk', 'Pour 2 personnes, la quantitÃ© est vraiment ridicule !! Ils auraient dÃ» faire un petit effort pour 30d quand mÃªme...', '3lech haka kol chay fou9 ba3dhou!!', 'Amal Gazla', 'Mariouma Cherif for next time ;)', 'Yassine Boussaada', 'Sana Bahloul na3mlouh marra ;)', 'SafÃ© Ghouma Ayadi', 'Mejri Wided', 'Mariem Laroussi', 'Dalel Mouelhi', 'Anissa Trad Sonia Boulaabi Ben Youssef Ines Rasha Taboubi', 'Amina Koulak', 'Mariouma Cherif for next time ;)', 'Yassine Boussaada', 'Sana Bahloul na3mlouh marra ;)', 'SafÃ© Ghouma Ayadi', 'Mejri Wided', 'Mariem Laroussi', 'Dalel Mouelhi', 'Anissa Trad Sonia Boulaabi Ben Youssef Ines Rasha Taboubi', 'Amina Koulak', 'Mariouma Cherif for next time ;)', 'Yassine Boussaada', 'Sana Bahloul na3mlouh marra ;)', 'SafÃ© Ghouma Ayadi', 'Mejri Wided', 'Mariem Laroussi', 'Dalel Mouelhi', 'Anissa Trad Sonia Boulaabi Ben Youssef Ines Rasha Taboubi', 'Amina Koulak', 'Mariouma Cherif for next time ;)', 'Yassine Boussaada', 'Sana Bahloul na3mlouh marra ;)', 'SafÃ© Ghouma Ayadi', 'Mejri Wided', 'Mariem Laroussi', 'Dalel Mouelhi', 'Anissa Trad Sonia Boulaabi Ben Youssef Ines Rasha Taboubi', 'Amina Koulak', 'Mariouma Cherif for next time ;)', 'Yassine Boussaada', 'Sana Bahloul na3mlouh marra ;)', 'SafÃ© Ghouma Ayadi', 'Mejri Wided', 'Mariem Laroussi', 'Dalel Mouelhi', 'Anissa Trad Sonia Boulaabi Ben Youssef Ines Rasha Taboubi', 'Amina Koulak', 'Mariouma Cherif for next time ;)', 'Yassine Boussaada', 'Sana Bahloul na3mlouh marra ;)', 'SafÃ© Ghouma Ayadi', 'Mejri Wided', 'Mariem Laroussi', 'Dalel Mouelhi', 'Anissa Trad Sonia Boulaabi Ben Youssef Ines Rasha Taboubi', 'Amina Koulak', 'Mariouma Cherif for next time ;)', 'Yassine Boussaada', 'Sana Bahloul na3mlouh marra ;)', 'SafÃ© Ghouma Ayadi', 'Mejri Wided', 'Mariem Laroussi', 'Dalel Mouelhi', 'Anissa Trad Sonia Boulaabi Ben Youssef Ines Rasha Taboubi', 'Amina Koulak']"
"OMPV la fameuse farm crÃ©pe avc sauce bÃ©chamel champignon fromage thon a 8900 gout succulent + mojito a 5900
""Smug's lac the best"" sans oublier l'acceuil du staff ..benna ğŸ’–";['youtube.com', 'youtube.com', 'youtube.com', 'youtube.com', 'youtube.com', 'youtube.com', 'youtube.com', 'youtube.com']
"Ompv hier un big daddy burger a smug's lac
Avec Du bacon super bonğŸ˜prix 14 dt je pense
Bon service";"['Mohamed Haithem Karoui', 'Amine Chaari', 'Brabi smug s lac win exactement !!??? Saha et merci', 'Bonnie Parker Barrow que 14 dt \U0001f928ğŸ˜\U0001f928', 'Dalel Mouelhi', 'Sinda Jawadi', 'Wided miiiiamm', 'Mira Wennich', 'Saha, bechfaa', ""sa7a w bechfÃ¨ lik :) wow vrmt ichahi fil tof j'espÃ¨re que le gout aussi ;) c oÃ¹ exact stp !!"", 'Pour moi cest le meilleur', 'Je confirme', 'Intidhar Benamara ech 9awlk f shayen haka', 'Ghada JleliHella Dissem RahmouniSaloua HM', 'Emy Taytoun', 'Sa7a l bacon ğŸ˜¨', '.', 'avec du bacon ğŸ˜ !!ch9awlek Manel Lassoued ğŸ˜‚', ""mÃªme smugs la marsa c'est a visitÃ© <3 j'aime tt lâ€™Ã©quipes ils sont tres serviables"", 'Raouaa Bousslimi', 'Ayoub Mouelhi ğŸ˜', 'SAHA maroumti tchahiiiii', 'Ilyes Ezzar', 'Ajmi Eya', 'Maryem Tahri', 'Raja Bahri Amira Bouhrem Hedia Abessi', 'Malek Mejdoub', 'Oignon rings supplÃ©ment ou Ã§a va avec le burger ?', 'Ones Aloui', 'EmnaYounsi pr remonter le moral :p darba darba', 'Ayoub Mouelhi ğŸ˜', 'SAHA maroumti tchahiiiii', 'Ilyes Ezzar', 'Ajmi Eya', 'Maryem Tahri', 'Raja Bahri Amira Bouhrem Hedia Abessi', 'Malek Mejdoub', 'Oignon rings supplÃ©ment ou Ã§a va avec le burger ?', 'Ones Aloui', 'EmnaYounsi pr remonter le moral :p darba darba', 'Ayoub Mouelhi ğŸ˜', 'SAHA maroumti tchahiiiii', 'Ilyes Ezzar', 'Ajmi Eya', 'Maryem Tahri', 'Raja Bahri Amira Bouhrem Hedia Abessi', 'Malek Mejdoub', 'Oignon rings supplÃ©ment ou Ã§a va avec le burger ?', 'Ones Aloui', 'EmnaYounsi pr remonter le moral :p darba darba', 'Ayoub Mouelhi ğŸ˜', 'SAHA maroumti tchahiiiii', 'Ilyes Ezzar', 'Ajmi Eya', 'Maryem Tahri', 'Raja Bahri Amira Bouhrem Hedia Abessi', 'Malek Mejdoub', 'Oignon rings supplÃ©ment ou Ã§a va avec le burger ?', 'Ones Aloui', 'EmnaYounsi pr remonter le moral :p darba darba', 'Ayoub Mouelhi ğŸ˜', 'SAHA maroumti tchahiiiii', 'Ilyes Ezzar', 'Ajmi Eya', 'Maryem Tahri', 'Raja Bahri Amira Bouhrem Hedia Abessi', 'Malek Mejdoub', 'Oignon rings supplÃ©ment ou Ã§a va avec le burger ?', 'Ones Aloui', 'EmnaYounsi pr remonter le moral :p darba darba', 'Ayoub Mouelhi ğŸ˜', 'SAHA maroumti tchahiiiii', 'Ilyes Ezzar', 'Ajmi Eya', 'Maryem Tahri', 'Raja Bahri Amira Bouhrem Hedia Abessi', 'Malek Mejdoub', 'Oignon rings supplÃ©ment ou Ã§a va avec le burger ?', 'Ones Aloui', 'EmnaYounsi pr remonter le moral :p darba darba']"
Smug's & Go le bon Plan Matinal situÃ© a Menzah 6 au kiosque OIL LIBYA ou comme prÃ©fÃ¨re lâ€™appeler mon ami Bechir Karoui Manar 3 , de passage avant d'aller au travail a 9H;[]
"Bonjour les gourmands, jâ€™ai eu des Ã©chos disant que smugs a changÃ© les recettes, la carte ect... curieux comme je suis, jâ€™ai dÃ©cidÃ© dâ€™y manger pour avoir mon propre opinion!
On a mangÃ© pour vous mes amis et moi Ã  smugs la marsa:";"[""Ils ont changÃ© pour le pire... mon experience Ã  Sumg's Lac; le service est trÃ¨s trÃ¨s long mÃªme si les serveurs sont gentils! On n'a pas apprÃ©ciÃ© du tout la bouffe aussi: sandwich et hamburger :/"", ""J'ai aussi remarquÃ© qu'il abusent un peu avec la mayo et sauce Ã  l'ail ( je me suis brossÃ© les dents 5 fois w chay ri7et ethoum tadhreb :p ) Moi aussi j'ai Ã©tÃ© dÃ©Ã§ue par les Å“ufs BÃ©nÃ©dicte que j'ai essayÃ© derniÃ¨rement ( pain sec / 3adhma tayba/ trop de sauce par dessus... ) potatoes dÃ©coupÃ©s en lamelles pleine d'huile..."", ""Ils ont changÃ© pour le pire... mon experience Ã  Sumg's Lac; le service est trÃ¨s trÃ¨s long mÃªme si les serveurs sont gentils! On n'a pas apprÃ©ciÃ© du tout la bouffe aussi: sandwich et hamburger :/"", ""J'ai aussi remarquÃ© qu'il abusent un peu avec la mayo et sauce Ã  l'ail ( je me suis brossÃ© les dents 5 fois w chay ri7et ethoum tadhreb :p ) Moi aussi j'ai Ã©tÃ© dÃ©Ã§ue par les Å“ufs BÃ©nÃ©dicte que j'ai essayÃ© derniÃ¨rement ( pain sec / 3adhma tayba/ trop de sauce par dessus... ) potatoes dÃ©coupÃ©s en lamelles pleine d'huile..."", ""Ils ont changÃ© pour le pire... mon experience Ã  Sumg's Lac; le service est trÃ¨s trÃ¨s long mÃªme si les serveurs sont gentils! On n'a pas apprÃ©ciÃ© du tout la bouffe aussi: sandwich et hamburger :/"", ""J'ai aussi remarquÃ© qu'il abusent un peu avec la mayo et sauce Ã  l'ail ( je me suis brossÃ© les dents 5 fois w chay ri7et ethoum tadhreb :p ) Moi aussi j'ai Ã©tÃ© dÃ©Ã§ue par les Å“ufs BÃ©nÃ©dicte que j'ai essayÃ© derniÃ¨rement ( pain sec / 3adhma tayba/ trop de sauce par dessus... ) potatoes dÃ©coupÃ©s en lamelles pleine d'huile..."", ""Ils ont changÃ© pour le pire... mon experience Ã  Sumg's Lac; le service est trÃ¨s trÃ¨s long mÃªme si les serveurs sont gentils! On n'a pas apprÃ©ciÃ© du tout la bouffe aussi: sandwich et hamburger :/"", ""J'ai aussi remarquÃ© qu'il abusent un peu avec la mayo et sauce Ã  l'ail ( je me suis brossÃ© les dents 5 fois w chay ri7et ethoum tadhreb :p ) Moi aussi j'ai Ã©tÃ© dÃ©Ã§ue par les Å“ufs BÃ©nÃ©dicte que j'ai essayÃ© derniÃ¨rement ( pain sec / 3adhma tayba/ trop de sauce par dessus... ) potatoes dÃ©coupÃ©s en lamelles pleine d'huile..."", ""Ils ont changÃ© pour le pire... mon experience Ã  Sumg's Lac; le service est trÃ¨s trÃ¨s long mÃªme si les serveurs sont gentils! On n'a pas apprÃ©ciÃ© du tout la bouffe aussi: sandwich et hamburger :/"", ""J'ai aussi remarquÃ© qu'il abusent un peu avec la mayo et sauce Ã  l'ail ( je me suis brossÃ© les dents 5 fois w chay ri7et ethoum tadhreb :p ) Moi aussi j'ai Ã©tÃ© dÃ©Ã§ue par les Å“ufs BÃ©nÃ©dicte que j'ai essayÃ© derniÃ¨rement ( pain sec / 3adhma tayba/ trop de sauce par dessus... ) potatoes dÃ©coupÃ©s en lamelles pleine d'huile..."", ""Ils ont changÃ© pour le pire... mon experience Ã  Sumg's Lac; le service est trÃ¨s trÃ¨s long mÃªme si les serveurs sont gentils! On n'a pas apprÃ©ciÃ© du tout la bouffe aussi: sandwich et hamburger :/"", ""J'ai aussi remarquÃ© qu'il abusent un peu avec la mayo et sauce Ã  l'ail ( je me suis brossÃ© les dents 5 fois w chay ri7et ethoum tadhreb :p ) Moi aussi j'ai Ã©tÃ© dÃ©Ã§ue par les Å“ufs BÃ©nÃ©dicte que j'ai essayÃ© derniÃ¨rement ( pain sec / 3adhma tayba/ trop de sauce par dessus... ) potatoes dÃ©coupÃ©s en lamelles pleine d'huile..."", ""Ils ont changÃ© pour le pire... mon experience Ã  Sumg's Lac; le service est trÃ¨s trÃ¨s long mÃªme si les serveurs sont gentils! On n'a pas apprÃ©ciÃ© du tout la bouffe aussi: sandwich et hamburger :/"", ""J'ai aussi remarquÃ© qu'il abusent un peu avec la mayo et sauce Ã  l'ail ( je me suis brossÃ© les dents 5 fois w chay ri7et ethoum tadhreb :p ) Moi aussi j'ai Ã©tÃ© dÃ©Ã§ue par les Å“ufs BÃ©nÃ©dicte que j'ai essayÃ© derniÃ¨rement ( pain sec / 3adhma tayba/ trop de sauce par dessus... ) potatoes dÃ©coupÃ©s en lamelles pleine d'huile..."", ""Ils ont changÃ© pour le pire... mon experience Ã  Sumg's Lac; le service est trÃ¨s trÃ¨s long mÃªme si les serveurs sont gentils! On n'a pas apprÃ©ciÃ© du tout la bouffe aussi: sandwich et hamburger :/"", ""J'ai aussi remarquÃ© qu'il abusent un peu avec la mayo et sauce Ã  l'ail ( je me suis brossÃ© les dents 5 fois w chay ri7et ethoum tadhreb :p ) Moi aussi j'ai Ã©tÃ© dÃ©Ã§ue par les Å“ufs BÃ©nÃ©dicte que j'ai essayÃ© derniÃ¨rement ( pain sec / 3adhma tayba/ trop de sauce par dessus... ) potatoes dÃ©coupÃ©s en lamelles pleine d'huile...""]"
Au kiosque Oil Libya menzah 6 l'ouverture d'une nouvelle enseigne SMUG'S & GO d'aprÃ¨s le staff sur place c'est le premier dans une sÃ©rie de prochaine ouverture;"['Sabryne Ma', 'Neyla :3', 'Siwar Arfaoui che5et 3anna', 'Pas de service au volant ???', 'Sahar Ben Brahim', 'Ø§Ø³Ù…Ùˆ Ø§Ù„Ù…Ù†Ø§Ø± 3 Ù‡Ø§Ø°Ø§ÙƒØ§ ğŸ˜’', ""Aymen SaÃ¯di t'as oÃ¹ m'attendre maintenant :p"", 'Amira Jbebli', 'J y suis allee hier. Le service est d une lenteur... et pourtant il n y avait pas foule. Je trouve ca un peu limite ! Les boissons affichees ne sont pas ttes disponibles notamment les smoothies car ils n ont ouvert que depuis 5 jours selon la fille au comptoir. Bref, j ai pris un mojito pas terrible et une brioche au chocolat un peu trop compacte a mon sens. J y reviendrai qd meme pour essayer autre chose en esperant que le service soit un peu plus speed.', 'Sabryne Ma', 'Neyla :3', 'Siwar Arfaoui che5et 3anna', 'Pas de service au volant ???', 'Sahar Ben Brahim', 'Ø§Ø³Ù…Ùˆ Ø§Ù„Ù…Ù†Ø§Ø± 3 Ù‡Ø§Ø°Ø§ÙƒØ§ ğŸ˜’', ""Aymen SaÃ¯di t'as oÃ¹ m'attendre maintenant :p"", 'Amira Jbebli', 'J y suis allee hier. Le service est d une lenteur... et pourtant il n y avait pas foule. Je trouve ca un peu limite ! Les boissons affichees ne sont pas ttes disponibles notamment les smoothies car ils n ont ouvert que depuis 5 jours selon la fille au comptoir. Bref, j ai pris un mojito pas terrible et une brioche au chocolat un peu trop compacte a mon sens. J y reviendrai qd meme pour essayer autre chose en esperant que le service soit un peu plus speed.', 'Sabryne Ma', 'Neyla :3', 'Siwar Arfaoui che5et 3anna', 'Pas de service au volant ???', 'Sahar Ben Brahim', 'Ø§Ø³Ù…Ùˆ Ø§Ù„Ù…Ù†Ø§Ø± 3 Ù‡Ø§Ø°Ø§ÙƒØ§ ğŸ˜’', ""Aymen SaÃ¯di t'as oÃ¹ m'attendre maintenant :p"", 'Amira Jbebli', 'J y suis allee hier. Le service est d une lenteur... et pourtant il n y avait pas foule. Je trouve ca un peu limite ! Les boissons affichees ne sont pas ttes disponibles notamment les smoothies car ils n ont ouvert que depuis 5 jours selon la fille au comptoir. Bref, j ai pris un mojito pas terrible et une brioche au chocolat un peu trop compacte a mon sens. J y reviendrai qd meme pour essayer autre chose en esperant que le service soit un peu plus speed.', 'Sabryne Ma', 'Neyla :3', 'Siwar Arfaoui che5et 3anna', 'Pas de service au volant ???', 'Sahar Ben Brahim', 'Ø§Ø³Ù…Ùˆ Ø§Ù„Ù…Ù†Ø§Ø± 3 Ù‡Ø§Ø°Ø§ÙƒØ§ ğŸ˜’', ""Aymen SaÃ¯di t'as oÃ¹ m'attendre maintenant :p"", 'Amira Jbebli', 'J y suis allee hier. Le service est d une lenteur... et pourtant il n y avait pas foule. Je trouve ca un peu limite ! Les boissons affichees ne sont pas ttes disponibles notamment les smoothies car ils n ont ouvert que depuis 5 jours selon la fille au comptoir. Bref, j ai pris un mojito pas terrible et une brioche au chocolat un peu trop compacte a mon sens. J y reviendrai qd meme pour essayer autre chose en esperant que le service soit un peu plus speed.', 'Sabryne Ma', 'Neyla :3', 'Siwar Arfaoui che5et 3anna', 'Pas de service au volant ???', 'Sahar Ben Brahim', 'Ø§Ø³Ù…Ùˆ Ø§Ù„Ù…Ù†Ø§Ø± 3 Ù‡Ø§Ø°Ø§ÙƒØ§ ğŸ˜’', ""Aymen SaÃ¯di t'as oÃ¹ m'attendre maintenant :p"", 'Amira Jbebli', 'J y suis allee hier. Le service est d une lenteur... et pourtant il n y avait pas foule. Je trouve ca un peu limite ! Les boissons affichees ne sont pas ttes disponibles notamment les smoothies car ils n ont ouvert que depuis 5 jours selon la fille au comptoir. Bref, j ai pris un mojito pas terrible et une brioche au chocolat un peu trop compacte a mon sens. J y reviendrai qd meme pour essayer autre chose en esperant que le service soit un peu plus speed.', 'Sabryne Ma', 'Neyla :3', 'Siwar Arfaoui che5et 3anna', 'Pas de service au volant ???', 'Sahar Ben Brahim', 'Ø§Ø³Ù…Ùˆ Ø§Ù„Ù…Ù†Ø§Ø± 3 Ù‡Ø§Ø°Ø§ÙƒØ§ ğŸ˜’', ""Aymen SaÃ¯di t'as oÃ¹ m'attendre maintenant :p"", 'Amira Jbebli', 'J y suis allee hier. Le service est d une lenteur... et pourtant il n y avait pas foule. Je trouve ca un peu limite ! Les boissons affichees ne sont pas ttes disponibles notamment les smoothies car ils n ont ouvert que depuis 5 jours selon la fille au comptoir. Bref, j ai pris un mojito pas terrible et une brioche au chocolat un peu trop compacte a mon sens. J y reviendrai qd meme pour essayer autre chose en esperant que le service soit un peu plus speed.', 'Sabryne Ma', 'Neyla :3', 'Siwar Arfaoui che5et 3anna', 'Pas de service au volant ???', 'Sahar Ben Brahim', 'Ø§Ø³Ù…Ùˆ Ø§Ù„Ù…Ù†Ø§Ø± 3 Ù‡Ø§Ø°Ø§ÙƒØ§ ğŸ˜’', ""Aymen SaÃ¯di t'as oÃ¹ m'attendre maintenant :p"", 'Amira Jbebli', 'J y suis allee hier. Le service est d une lenteur... et pourtant il n y avait pas foule. Je trouve ca un peu limite ! Les boissons affichees ne sont pas ttes disponibles notamment les smoothies car ils n ont ouvert que depuis 5 jours selon la fille au comptoir. Bref, j ai pris un mojito pas terrible et une brioche au chocolat un peu trop compacte a mon sens. J y reviendrai qd meme pour essayer autre chose en esperant que le service soit un peu plus speed.', 'Sabryne Ma', 'Neyla :3', 'Siwar Arfaoui che5et 3anna', 'Pas de service au volant ???', 'Sahar Ben Brahim', 'Ø§Ø³Ù…Ùˆ Ø§Ù„Ù…Ù†Ø§Ø± 3 Ù‡Ø§Ø°Ø§ÙƒØ§ ğŸ˜’', ""Aymen SaÃ¯di t'as oÃ¹ m'attendre maintenant :p"", 'Amira Jbebli', 'J y suis allee hier. Le service est d une lenteur... et pourtant il n y avait pas foule. Je trouve ca un peu limite ! Les boissons affichees ne sont pas ttes disponibles notamment les smoothies car ils n ont ouvert que depuis 5 jours selon la fille au comptoir. Bref, j ai pris un mojito pas terrible et une brioche au chocolat un peu trop compacte a mon sens. J y reviendrai qd meme pour essayer autre chose en esperant que le service soit un peu plus speed.']"
"On a trÃ¨s bien mangÃ© Ã  Smug's lac.. un menu the generous pour 2 personnes (29,900) et en supplÃ©ment Pancake nutella (8,500)..
Un vrai dÃ©lice
Service rapide et accueil chaleureux,prix raisonnables
J'y reviendrai";['youtube.com', 'youtube.com', 'youtube.com', 'youtube.com', 'youtube.com', 'youtube.com', 'youtube.com', 'youtube.com']
