Les formules p'tit-dÃ©j Ã  Smug's sont tout simplement exceptionnels !!!;"['Marra j ai pris une formule contenant cafÃ© jus w pancake .. l pancakes sont nuuuuls .. jus kiwi banane fih 9rouseya w cafÃ© crÃ¨me feha baaaaaarcha mousse !!', '', 'Bon, nous on a essayÃ© 3 diffÃ©rentes formules et tout Ã©tait super !', '', 'vu les avis contradictoires je propose aux admins de la page de me payer un petit dej pour trancher', '', ""smug's ennasser brjoulia y3ayf :/"", '', 'Bah moi je pense tout le contraire ! ;)', '', 'hhhhhhhhhhh Issam Ghanem', '']"
Les formules p'tit-dÃ©j Ã  Smug's sont tout simplement exceptionnels !!!;"['Marra j ai pris une formule contenant cafÃ© jus w pancake .. l pancakes sont nuuuuls .. jus kiwi banane fih 9rouseya w cafÃ© crÃ¨me feha baaaaaarcha mousse !!', '', 'Bon, nous on a essayÃ© 3 diffÃ©rentes formules et tout Ã©tait super !', '', 'vu les avis contradictoires je propose aux admins de la page de me payer un petit dej pour trancher', '', ""smug's ennasser brjoulia y3ayf :/"", '', 'Bah moi je pense tout le contraire ! ;)', '', 'hhhhhhhhhhh Issam Ghanem', '']"
J'ai mangÃ© pour vous ce dÃ©licieux petit dÃ©jeuner a smug's endroit trÃ¨s agrÃ©able Ã  l'intÃ©rieur comme Ã  l'extÃ©rieur , Comment vous dire, c'Ã©tait du grand art. Un seul mot DÃ‰LICIEUX... le pancake plus que parfait;"[""Bonjour smug's mta3 nasr svp"", '', 'MalÃ©k B-Hamida', '', 'Prix', '', 'Abir RiÃ£hÃ¯', '', 'Abir Khelifi', '', 'Be9adech formule pour deux personnes', '', 'Izdihar Zoudi', '', 'Kawther Bennyedder', '', 'Mohamed Sabri Sliti', '']"
J'ai mangÃ© pour vous ce dÃ©licieux petit dÃ©jeuner a smug's endroit trÃ¨s agrÃ©able Ã  l'intÃ©rieur comme Ã  l'extÃ©rieur , Comment vous dire, c'Ã©tait du grand art. Un seul mot DÃ‰LICIEUX... le pancake plus que parfait;"[""Bonjour smug's mta3 nasr svp"", '', 'MalÃ©k B-Hamida', '', 'Prix', '', 'Abir RiÃ£hÃ¯', '', 'Abir Khelifi', '', 'Be9adech formule pour deux personnes', '', 'Izdihar Zoudi', '', 'Kawther Bennyedder', '', 'Mohamed Sabri Sliti', '']"
OMPV a smug's la marsa un dÃ©licieux petit dej...je vous le conseil 3al leeeekher ğŸ˜ğŸ˜ğŸ˜;"['Prix svp ?', '', "":'("", '', 'Miam miam Ã§a l air succulent et surtout avec la bonne compagnie Maryem Ben Ammar âœŒâ¤', '', '', '']"
OMPV a smug's la marsa un dÃ©licieux petit dej...je vous le conseil 3al leeeekher ğŸ˜ğŸ˜ğŸ˜;"['Prix svp ?', '', "":'("", '', 'Miam miam Ã§a l air succulent et surtout avec la bonne compagnie Maryem Ben Ammar âœŒâ¤', '', '', '']"
Smug's ou HermÃ¨s ou Versailles cafÃ© ou la luna ou via vai pour un petit dej Ã  ennasr?;"['Saisons des Roses', '', ""smug's 3al 7it la luna moyenne et via vai service toooop mekla top le seul inconvenient yesser tet3aba"", '', 'Saison des roses nasser', '', 'HermÃ¨s tayara barcha', '', 'et pour un petit dejeuner ou brunch au lac?!', '', 'Errasmi smug qualitÃ© meilleure que les autres ama dommage pour le cadre!!', '', 'Versailles cafÃ© ;)', '', 'Cafe laarousi devant station 32 lafayette the best', '']"
Smug's ou HermÃ¨s ou Versailles cafÃ© ou la luna ou via vai pour un petit dej Ã  ennasr?;"['Saisons des Roses', '', ""smug's 3al 7it la luna moyenne et via vai service toooop mekla top le seul inconvenient yesser tet3aba"", '', 'Saison des roses nasser', '', 'HermÃ¨s tayara barcha', '', 'et pour un petit dejeuner ou brunch au lac?!', '', 'Errasmi smug qualitÃ© meilleure que les autres ama dommage pour le cadre!!', '', 'Versailles cafÃ© ;)', '', 'Cafe laarousi devant station 32 lafayette the best', '']"
smug's ennasr c oÃ¹ exactement svp;['m9abel via vai', '', 'tout juste Ã  cotÃ© de cafÃ© Sidi Bou Said', '']
smug's ennasr c oÃ¹ exactement svp;['m9abel via vai', '', 'tout juste Ã  cotÃ© de cafÃ© Sidi Bou Said', '']
Smug's : Merci pour l'accueil et le service c'est formidable et merci pour le chaleureux accueil de toute l'Ã©quipe;"['sa7a, le nom et prix des plats stp', '', 'C oÃ¹ svp?', '', ""J'ai mangÃ© la pire crÃªpe de ma vie a Smug's..."", '', 'les pizzas et les salades sont trÃ¨s dÃ©licieuses aussi ;)', '', 'Skander Ben Ali', '', ""Smug's a naser pret de sidi bou bienvenue chez ns ;)"", '']"
Smug's : Merci pour l'accueil et le service c'est formidable et merci pour le chaleureux accueil de toute l'Ã©quipe;"['sa7a, le nom et prix des plats stp', '', 'C oÃ¹ svp?', '', ""J'ai mangÃ© la pire crÃªpe de ma vie a Smug's..."", '', 'les pizzas et les salades sont trÃ¨s dÃ©licieuses aussi ;)', '', 'Skander Ben Ali', '', ""Smug's a naser pret de sidi bou bienvenue chez ns ;)"", '']"
OMPV la fameuse big smug's pizza et un Tacos poulet...toujours aussi BONS!;['La pizza est a 22dt mais il faut 2 personnes pour pouvoir la terminer! Le tacos est a 10d500!!', '', 'Bon la pizza est une combinaison entre un hambuger et une pizza carnivore avec un kilo de mozzarella !! Oui i tacos ychaba3 mli7!!', '', 'Adnane Boubaker', '']
OMPV la fameuse big smug's pizza et un Tacos poulet...toujours aussi BONS!;['La pizza est a 22dt mais il faut 2 personnes pour pouvoir la terminer! Le tacos est a 10d500!!', '', 'Bon la pizza est une combinaison entre un hambuger et une pizza carnivore avec un kilo de mozzarella !! Oui i tacos ychaba3 mli7!!', '', 'Adnane Boubaker', '']
J'ai bu pour vous un speculoos coffÃ© avec une trÃ¨s grande dÃ©lectation!!! C'est un dÃ©lice jamais goÃ»ter mieux @smugÂ´s Ennasr. Je vous le conseille :);"[""Sa77a\nC oÃ¹ exactement smug's?"", '']"
J'ai bu pour vous un speculoos coffÃ© avec une trÃ¨s grande dÃ©lectation!!! C'est un dÃ©lice jamais goÃ»ter mieux @smugÂ´s Ennasr. Je vous le conseille :);"[""Sa77a\nC oÃ¹ exactement smug's?"", '']"
"OMPV ğŸ˜„2 #big smug's burger pr 4 personnes et la surpriseğŸ’–ğŸ’– le fameux #BIG mojito ğŸ˜€#offre Ã  ne pas rater je vs conseille d'y allerğŸ‘ŒğŸ‘ ..
(2 big smug's ==> un #big mojito gratuit)
un grand #merci pr l'accueil chaleureux et tte l'Ã©quipe #Smug's #Ennasr â¤
#Skan #Mario ğŸ˜„";"['c ouu ??', '', ""Ghada tu tourne avec la mosquÃ©e Ã  droite tu avance et c'est sur ta gauche"", '', 'Win blasto w esmo?', '', ""bellahi 7a9 hedha el koll mouch ken mchit chrit sabgha behia 5ir melli boudourou elli 3amlet'ha"", '', 'Soumaya Rezgui HÃ« Å‡Ä‘', '', 'Sofiene Mimouni\nStp !!', '', 'Wala Hannachi', '', 'Malek Rgg njarbohhaa?', '']"
"OMPV ğŸ˜„2 #big smug's burger pr 4 personnes et la surpriseğŸ’–ğŸ’– le fameux #BIG mojito ğŸ˜€#offre Ã  ne pas rater je vs conseille d'y allerğŸ‘ŒğŸ‘ ..
(2 big smug's ==> un #big mojito gratuit)
un grand #merci pr l'accueil chaleureux et tte l'Ã©quipe #Smug's #Ennasr â¤
#Skan #Mario ğŸ˜„";"['c ouu ??', '', ""Ghada tu tourne avec la mosquÃ©e Ã  droite tu avance et c'est sur ta gauche"", '', 'Win blasto w esmo?', '', ""bellahi 7a9 hedha el koll mouch ken mchit chrit sabgha behia 5ir melli boudourou elli 3amlet'ha"", '', 'Soumaya Rezgui HÃ« Å‡Ä‘', '', 'Sofiene Mimouni\nStp !!', '', 'Wala Hannachi', '', 'Malek Rgg njarbohhaa?', '']"
"Une bonne adresse smug's nasser la fameux ""smug's pizza burger""";"['Prix ?', '', ""C'est Ã  17D je crois et la big c'est Ã  22D"", '', 'Merci :)', '', ""Du n'importe quoi mchit bidhemma pr goÃ»ter w zedet hazzit des invitÃ©s alors la catastrophe pr commencer il a fallu 45 minutes et puis la surprise la pÃ¢te est tte mouillÃ© il m'a dit C est peut Ãªtre le fromage hachmouni ma3atha C est pas sa faute C est bien dommage w khssara kol win nemchi na3mel les remarques et puis Ã§a y est trabbiiiiiiit"", '']"
"Une bonne adresse smug's nasser la fameux ""smug's pizza burger""";"['Prix ?', '', ""C'est Ã  17D je crois et la big c'est Ã  22D"", '', 'Merci :)', '', ""Du n'importe quoi mchit bidhemma pr goÃ»ter w zedet hazzit des invitÃ©s alors la catastrophe pr commencer il a fallu 45 minutes et puis la surprise la pÃ¢te est tte mouillÃ© il m'a dit C est peut Ãªtre le fromage hachmouni ma3atha C est pas sa faute C est bien dommage w khssara kol win nemchi na3mel les remarques et puis Ã§a y est trabbiiiiiiit"", '']"
JMPV une pizza burger chez smug's Ã  16d500 ğŸ˜ğŸ˜ suffisante pour 2 ou 3 personne ğŸ‘ŒğŸ»ğŸ‘ŒğŸ»;"['ya weldi amuse gueule, wala kamya!', '', 'emela tawa na3mel 1er mi temps fi ariana w nkammel fel nasser :p :p', '', 'xDD', '', 'xDD', '', 'A quel niveau fe naser Svp', '', 'Ã€ cÃ´tÃ© de Sidi bou ;)', '', 'MerciiiiiğŸ˜Š', '']"
JMPV une pizza burger chez smug's Ã  16d500 ğŸ˜ğŸ˜ suffisante pour 2 ou 3 personne ğŸ‘ŒğŸ»ğŸ‘ŒğŸ»;"['ya weldi amuse gueule, wala kamya!', '', 'emela tawa na3mel 1er mi temps fi ariana w nkammel fel nasser :p :p', '', 'xDD', '', 'xDD', '', 'A quel niveau fe naser Svp', '', 'Ã€ cÃ´tÃ© de Sidi bou ;)', '', 'MerciiiiiğŸ˜Š', '']"
Hier j'ai mangÃ© big pizza burger chez smug's lac vraiment t3ayeeeef aucun gout ena j'ai pensÃ© eli hya bel7a9 pizza ma7chya bel fromage w bracha 7ajet l9itha 5obza tabouna chey7a tghases ya pa de fromage w l7am mafroum men de5el ma7rou9!!!! Vraiment dÃ©Ã§u 3ale5er en plus jebhelna beeerda en tou cas je le repetrais jamais;"['MÃªme expÃ©rience dÃ©sagrÃ©able Ã  la marsa !', '', ""Ce truc ne m'a jamais donnÃ© envi et tu viens de confirmer ce que je pensais c'est Ã  dire que ce n'est pas bon du tout :D Pizza Burger un peu n'importe quoi comme Les jwejem aux M&M's Oreo et j'en passe .. on aura tout vu dans ce pays"", '', ""Ce truc ne m'a jamais donnÃ© envi et tu viens de confirmer ce que je pensais c'est Ã  dire que ce n'est pas bon du tout :D Pizza Burger un peu n'importe quoi comme Les jwejem aux M&M's Oreo et j'en passe .. on aura tout vu dans ce pays"", '', 'Ø§Ù„Ø³Ø§Ø¹Ø© Ù…Ø´ Ø¹Ø§Ø¯ØªÙ‡Ù…. ..Ø§Ù„Ø¨Ø±Ù‚Ø± ÙˆØ§Ù„Ø¨ÙŠØªØ²Ø§ Ø±ÙˆØ¹Ø© ÙÙŠ Ø§Ù„Ù†ØµØ± !!!!', '', 'Sadmit 3omri aussi 5obez assil tal3it flop 3al li5ir', '', 'Le pire eli howa 5obz bel7a9 w Ã  22 dt', '', ""C vrai smug's lac service null w personnel 3al 7it apart enou mayjiblk l commande ken ba3d se3a w berda w5dhina slata feha cha3ra"", '', 'Thahra tchabah 5obz el 3id lekbir ğŸ˜£', '', ""Bizarre !!! C'est super bon, d'habitude !"", '', 'Bizarre d habitude elle est super dÃ©licieuse leur pizza burger!! Baz le pizzaiolo mouch fi sa7nou nharet ha loool bon la meilleure reste celle d ennasr...', '']"
Hier j'ai mangÃ© big pizza burger chez smug's lac vraiment t3ayeeeef aucun gout ena j'ai pensÃ© eli hya bel7a9 pizza ma7chya bel fromage w bracha 7ajet l9itha 5obza tabouna chey7a tghases ya pa de fromage w l7am mafroum men de5el ma7rou9!!!! Vraiment dÃ©Ã§u 3ale5er en plus jebhelna beeerda en tou cas je le repetrais jamais;"['MÃªme expÃ©rience dÃ©sagrÃ©able Ã  la marsa !', '', ""Ce truc ne m'a jamais donnÃ© envi et tu viens de confirmer ce que je pensais c'est Ã  dire que ce n'est pas bon du tout :D Pizza Burger un peu n'importe quoi comme Les jwejem aux M&M's Oreo et j'en passe .. on aura tout vu dans ce pays"", '', ""Ce truc ne m'a jamais donnÃ© envi et tu viens de confirmer ce que je pensais c'est Ã  dire que ce n'est pas bon du tout :D Pizza Burger un peu n'importe quoi comme Les jwejem aux M&M's Oreo et j'en passe .. on aura tout vu dans ce pays"", '', 'Ø§Ù„Ø³Ø§Ø¹Ø© Ù…Ø´ Ø¹Ø§Ø¯ØªÙ‡Ù…. ..Ø§Ù„Ø¨Ø±Ù‚Ø± ÙˆØ§Ù„Ø¨ÙŠØªØ²Ø§ Ø±ÙˆØ¹Ø© ÙÙŠ Ø§Ù„Ù†ØµØ± !!!!', '', 'Sadmit 3omri aussi 5obez assil tal3it flop 3al li5ir', '', 'Le pire eli howa 5obz bel7a9 w Ã  22 dt', '', ""C vrai smug's lac service null w personnel 3al 7it apart enou mayjiblk l commande ken ba3d se3a w berda w5dhina slata feha cha3ra"", '', 'Thahra tchabah 5obz el 3id lekbir ğŸ˜£', '', ""Bizarre !!! C'est super bon, d'habitude !"", '', 'Bizarre d habitude elle est super dÃ©licieuse leur pizza burger!! Baz le pizzaiolo mouch fi sa7nou nharet ha loool bon la meilleure reste celle d ennasr...', '']"
On a massacrÃ© pour vous et comme d'hab, une big Smug's pizza et un tacos poulet Ã  couper le souffle lool le tout Ã  45dt (Avec 2 boissons gazeuses et un bannane nutella Thrills!);[]
On a massacrÃ© pour vous et comme d'hab, une big Smug's pizza et un tacos poulet Ã  couper le souffle lool le tout Ã  45dt (Avec 2 boissons gazeuses et un bannane nutella Thrills!);[]
"Enjoy your meal ğŸ˜†
ğŸ”ğŸŸğŸ³ğŸ—ğŸ•ğŸ®ğŸ¹";['Fatma Ben Alaya', '', 'Nom du sandwitch stp ? Saha', '']
"Enjoy your meal ğŸ˜†
ğŸ”ğŸŸğŸ³ğŸ—ğŸ•ğŸ®ğŸ¹";['Fatma Ben Alaya', '', 'Nom du sandwitch stp ? Saha', '']
"Ompv chez smugs la marsa un trÃ¨s bon brunch
The handsom one a15 d
Vraiment c est un dÃ©lice il se compose d un cafÃ© et jus (au choix)
Bresaola,salade roquette, Å“uf a la coque, fromage,toast et sauce maison
C est un rÃ©gal a essayer";['Maminette Ay', '']
"Ompv chez smugs la marsa un trÃ¨s bon brunch
The handsom one a15 d
Vraiment c est un dÃ©lice il se compose d un cafÃ© et jus (au choix)
Bresaola,salade roquette, Å“uf a la coque, fromage,toast et sauce maison
C est un rÃ©gal a essayer";['Maminette Ay', '']
C'est trooooop bon;['', '', 'Ekher mara ritek en rÃ©gime :p saha :)', '', 'Hhhhh oui oui mais un peu de changement yeziii mÃ©l rÃ©gime loool', '', 'je confirme !!', '']
C'est trooooop bon;['', '', 'Ekher mara ritek en rÃ©gime :p saha :)', '', 'Hhhhh oui oui mais un peu de changement yeziii mÃ©l rÃ©gime loool', '', 'je confirme !!', '']
"Une vrai #rÃ©gal
OMPV une farm crÃªpe Ã  (8dt6) et la big smug's pizza Ã  (22dt)";['Saha hafoutha beyna bnina :D', '']
"Une vrai #rÃ©gal
OMPV une farm crÃªpe Ã  (8dt6) et la big smug's pizza Ã  (22dt)";['Saha hafoutha beyna bnina :D', '']
"On a manger pour vous Chez Smugs la marsa un excellent brunch
The generous a 29900
2 Cafe 2 jus ,saucisses , chicken wings, poulet en brochette, lÃ©gumes grillÃ©, potatos Maison, fromage variÃ©, jambon grillÃ©,oeufs et sauce Maison, brochette de fruit sauce Nutella. Note 9.5 /10
QuantitÃ© gÃ©nÃ©reuse ...";['Bonne appÃ©tit inchalah on viendra goutter', '']
"On a manger pour vous Chez Smugs la marsa un excellent brunch
The generous a 29900
2 Cafe 2 jus ,saucisses , chicken wings, poulet en brochette, lÃ©gumes grillÃ©, potatos Maison, fromage variÃ©, jambon grillÃ©,oeufs et sauce Maison, brochette de fruit sauce Nutella. Note 9.5 /10
QuantitÃ© gÃ©nÃ©reuse ...";['Bonne appÃ©tit inchalah on viendra goutter', '']
"Ompv Ã  smug's lac1
2 tacos
1 Crispy chiken9.5dtet 1 beef 10 dt
Un pur dÃ©lice prix ğŸ˜";['Amal Alabidi', '', 'Salma Sellami Ghada Oueslati', '']
"Ompv Ã  smug's lac1
2 tacos
1 Crispy chiken9.5dtet 1 beef 10 dt
Un pur dÃ©lice prix ğŸ˜";['Amal Alabidi', '', 'Salma Sellami Ghada Oueslati', '']
"Bonne journÃ©e a tout le monde
Veuillez me recommander une adresse de salon de thÃ© genre (Smug's) sur la zone zahra_hammem-lif ??";"['https://www.facebook.com/Gelato-Stellina-Boumhel-1043968052283040/?fref=ts', ""Gelato Stellina\nGelato Stellina vous propose des produits 100% italiens; des glaces artisanales, du yaourt glacÃ© et d'...\n4.5 stars"", '4.5 stars', '4.5 stars', 'https://www.facebook.com/Le-Local-946356898785996/', 'Le Local\nRestaurant\n4.5 stars', '4.5 stars', '4.5 stars']"
"Bonne journÃ©e a tout le monde
Veuillez me recommander une adresse de salon de thÃ© genre (Smug's) sur la zone zahra_hammem-lif ??";"['https://www.facebook.com/Gelato-Stellina-Boumhel-1043968052283040/?fref=ts', ""Gelato Stellina\nGelato Stellina vous propose des produits 100% italiens; des glaces artisanales, du yaourt glacÃ© et d'...\n4.5 stars"", '4.5 stars', '4.5 stars', 'https://www.facebook.com/Le-Local-946356898785996/', 'Le Local\nRestaurant\n4.5 stars', '4.5 stars', '4.5 stars']"
"Smugâ€™s
Ù…Ø´ÙŠØª ÙƒØ§ÙŠØª Ø§Ù„Ø¬Ù…Ø¹Ø© Ø§Ù„Ù„ÙŠ ÙØ§ØªØª ÙÙŠ smugâ€™s Ù…Ø§ Ù†Ø­ÙƒÙŠØ§ÙƒÙ…Ø´ Ø¹Ù„Ù‰ Ø§Ù„Ø­Ø§Ù„Ø© Ø³ÙŠØ±ÙÙŠØ³ Ø¹Ø§Ù„Ø­ÙŠØ· Ùˆ Ø²ÙŠØ¯ ØªÙ‚Ø¹Ø¯ Ø³Ø§Ø¹Ø© ØªØ³ØªÙ†Ù‰ Ùˆ Ø§Ù„ØºÙ„Ø§ Ùˆ Ø§Ù„ÙƒÙˆØ§ ØºÙ„Ø§Ùˆ ÙÙŠ Ø§Ù„Ø§Ø³ÙˆØ§Ù… Ùˆ Ø¨Ø¯Ù„Ùˆ Ø§Ù„Ø§Ø±ØªÙŠÙƒÙ„ÙˆØ§Øª ÙŠØªÙƒÙ„ÙÙˆ Ø§Ø±Ø®Øµ Ùˆ ÙˆØ§Ù„Ù„Ù‡ Ø§Ù„ÙƒÙØ§Ø± Ø§ÙƒØ«Ø± Ù…Ø§Ù„Ø³Ø±ÙÙˆØ±Ø§Øª
Ø§Ù† Ø´Ø§Ø¡ Ø§Ù„Ù„Ù‡ Ù…Ø§ ØªØ­ØµÙ„ÙˆØ´ ÙƒÙŠÙÙŠ";[]
"Smugâ€™s
Ù…Ø´ÙŠØª ÙƒØ§ÙŠØª Ø§Ù„Ø¬Ù…Ø¹Ø© Ø§Ù„Ù„ÙŠ ÙØ§ØªØª ÙÙŠ smugâ€™s Ù…Ø§ Ù†Ø­ÙƒÙŠØ§ÙƒÙ…Ø´ Ø¹Ù„Ù‰ Ø§Ù„Ø­Ø§Ù„Ø© Ø³ÙŠØ±ÙÙŠØ³ Ø¹Ø§Ù„Ø­ÙŠØ· Ùˆ Ø²ÙŠØ¯ ØªÙ‚Ø¹Ø¯ Ø³Ø§Ø¹Ø© ØªØ³ØªÙ†Ù‰ Ùˆ Ø§Ù„ØºÙ„Ø§ Ùˆ Ø§Ù„ÙƒÙˆØ§ ØºÙ„Ø§Ùˆ ÙÙŠ Ø§Ù„Ø§Ø³ÙˆØ§Ù… Ùˆ Ø¨Ø¯Ù„Ùˆ Ø§Ù„Ø§Ø±ØªÙŠÙƒÙ„ÙˆØ§Øª ÙŠØªÙƒÙ„ÙÙˆ Ø§Ø±Ø®Øµ Ùˆ ÙˆØ§Ù„Ù„Ù‡ Ø§Ù„ÙƒÙØ§Ø± Ø§ÙƒØ«Ø± Ù…Ø§Ù„Ø³Ø±ÙÙˆØ±Ø§Øª
Ø§Ù† Ø´Ø§Ø¡ Ø§Ù„Ù„Ù‡ Ù…Ø§ ØªØ­ØµÙ„ÙˆØ´ ÙƒÙŠÙÙŠ";[]
"Un vrai dÃ©lice chez Smug's Ennasser
Je ne change jamais une Ã©quipe qui gagne!!
Un brunch royal seulement Ã  15dt!! ğŸ¥ğŸ§€ğŸ¥ğŸ³â˜•ğŸ·ğŸ¥—ğŸ˜
Merci frÃ¨ro Skander pour ce rÃ©gal!!! â˜ºï¸ğŸ‘ŒğŸ’ª";['Sa7a,pour deux personnes', '', 'Nedia Letaief Sabrina Sabrina', '', 'Adnane Boubaker', '', 'Senda Reguei', '', 'pour 2 personnes 15d ?', '']
"Un vrai dÃ©lice chez Smug's Ennasser
Je ne change jamais une Ã©quipe qui gagne!!
Un brunch royal seulement Ã  15dt!! ğŸ¥ğŸ§€ğŸ¥ğŸ³â˜•ğŸ·ğŸ¥—ğŸ˜
Merci frÃ¨ro Skander pour ce rÃ©gal!!! â˜ºï¸ğŸ‘ŒğŸ’ª";['Sa7a,pour deux personnes', '', 'Nedia Letaief Sabrina Sabrina', '', 'Adnane Boubaker', '', 'Senda Reguei', '', 'pour 2 personnes 15d ?', '']
Une pizza herbivore Ã  13dt500, un Oreo shake Ã  8dt et une assiette frites BÃ©con fromage offerte par le gÃ©rant Skander Ben Ali! Merci pour ces purs moments de bonheur!!;"['Je confirme bÃ©nnna 3la bÃ©nnna!! ğŸ˜Š', '', 'J ai oubliÃ© ton Vanilla cappuccino !!! (5dt400)', '', ""Smug's it will be a phenomenon , using only the finest quality of beef, ckicken, smoked salmon.... It's lean, healthy, and exquisitely tasty ! Je le conseille et vs ne le regrettez pas!"", '']"
Une pizza herbivore Ã  13dt500, un Oreo shake Ã  8dt et une assiette frites BÃ©con fromage offerte par le gÃ©rant Skander Ben Ali! Merci pour ces purs moments de bonheur!!;"['Je confirme bÃ©nnna 3la bÃ©nnna!! ğŸ˜Š', '', 'J ai oubliÃ© ton Vanilla cappuccino !!! (5dt400)', '', ""Smug's it will be a phenomenon , using only the finest quality of beef, ckicken, smoked salmon.... It's lean, healthy, and exquisitely tasty ! Je le conseille et vs ne le regrettez pas!"", '']"
Smugs sousse;[]
Smugs sousse;[]
"Good morning
Wishing you a day full
Of joyful moments ğŸ˜Š";['Good morning\nWishing you a day full\nOf joyful moments ğŸ˜Š', '', 'Stoufa El Mehdi', '', 'Mallouka Boudali\nArwa Rourou\nRahma Boudali', '', 'A combien ??', '', 'Ramla Khiari Rahma Hamdi', '']
"Good morning
Wishing you a day full
Of joyful moments ğŸ˜Š";['Good morning\nWishing you a day full\nOf joyful moments ğŸ˜Š', '', 'Stoufa El Mehdi', '', 'Mallouka Boudali\nArwa Rourou\nRahma Boudali', '', 'A combien ??', '', 'Ramla Khiari Rahma Hamdi', '']
J mange pour vous des pancakes au nutella une tuerie;[]
J mange pour vous des pancakes au nutella une tuerie;[]
"Ompv chez smugs la marsa un trÃ¨s bon brunch
The handsom one a15 d
Vraiment c est un dÃ©lice il se compose d un cafÃ© et jus (au choix)
Bresaola,salade roquette, Å“uf a la coque, fromage,toast et sauce maison
C est un rÃ©gal a essayer";[]
"Ompv chez smugs la marsa un trÃ¨s bon brunch
The handsom one a15 d
Vraiment c est un dÃ©lice il se compose d un cafÃ© et jus (au choix)
Bresaola,salade roquette, Å“uf a la coque, fromage,toast et sauce maison
C est un rÃ©gal a essayer";[]
On a MangÃ© Pour Vous : 2 Tacos poulet, une CrÃªpe thon fromage et le fameux, le succulent et l'irrÃ©sistible Hamburger classique de Smug's!! Un accueil chaleureux et un service plus que parfait! Merci Ã  toute l'Ã©quipe de Smug's Ennasr pour ce que vous faite et si la commande prend du temps c'est pour...;['', '']
On a MangÃ© Pour Vous : 2 Tacos poulet, une CrÃªpe thon fromage et le fameux, le succulent et l'irrÃ©sistible Hamburger classique de Smug's!! Un accueil chaleureux et un service plus que parfait! Merci Ã  toute l'Ã©quipe de Smug's Ennasr pour ce que vous faite et si la commande prend du temps c'est pour...;['', '']
CrÃªpe poulets fromage champignons original par la forme et par le goÃ»t. Lieu smug's la marsa, prix 8d;[]
CrÃªpe poulets fromage champignons original par la forme et par le goÃ»t. Lieu smug's la marsa, prix 8d;[]
Un vrai rÃ©gal !;"['', 'ArrÃªtez de manger pour nous. Soyez discrÃ¨te.', '', 'Bsaha ouraha', '', ""DÃ©crit nous c'est quoi Ã§a ? Un cheese burger ?"", '', 'Where is the chicken :-p', '', 'La mozzarella fondante mmmmmm dÃ©licieuse', '', 'y a quoi dedans ? pas que du fromage jâ€™espÃ¨re', '', 'Poulet pannÃ©, champignons, tomates, poivrons, fromages ...', '']"
Un vrai rÃ©gal !;"['', 'ArrÃªtez de manger pour nous. Soyez discrÃ¨te.', '', 'Bsaha ouraha', '', ""DÃ©crit nous c'est quoi Ã§a ? Un cheese burger ?"", '', 'Where is the chicken :-p', '', 'La mozzarella fondante mmmmmm dÃ©licieuse', '', 'y a quoi dedans ? pas que du fromage jâ€™espÃ¨re', '', 'Poulet pannÃ©, champignons, tomates, poivrons, fromages ...', '']"
On a dÃ©vorÃ© pour vous au SMUG'S Ennasr une Pizza burger Carnivore (17d500) et un Tacos poulet (10d500)... Un moment d'extase!! merci pour tout le staff surtout Skander le gÃ©rant!!;"['Houssem Ferchichi batard batard batard batard', '', 'La Ã§a a Ã©tÃ© le couteau dans le coeur . je suis au rÃ©gime je bouffe des galettes de mais toute la journÃ©e', '', 'Loooooool y a pas de bouffe Ã  Bruxelles?!!', '', 'Loool Ena c fini le rÃ©gime!!! La fiesta gastronomique calorifique!!!', '', ""pas comme ca jtassure ya pas autant de variÃ©tÃ© qu'a tunis. et pas aussi bon. moi jai commencÃ© ya 4 jour. ma recompense sera ce pizza burger carnivore en octobre quand je descend a tunis"", '', ""entre parenthÃ¨se le tacos aussi Ã  l'air mÃ©chant"", '', 'Un tacos sans piti loool on ira ensemble nchlh!!', '', 'sans faute ptit dej diner', '', 'nhar calorie fel smugs', '', 'Houssem Ferchichi bhia pizza win fi naser', '']"
On a dÃ©vorÃ© pour vous au SMUG'S Ennasr une Pizza burger Carnivore (17d500) et un Tacos poulet (10d500)... Un moment d'extase!! merci pour tout le staff surtout Skander le gÃ©rant!!;"['Houssem Ferchichi batard batard batard batard', '', 'La Ã§a a Ã©tÃ© le couteau dans le coeur . je suis au rÃ©gime je bouffe des galettes de mais toute la journÃ©e', '', 'Loooooool y a pas de bouffe Ã  Bruxelles?!!', '', 'Loool Ena c fini le rÃ©gime!!! La fiesta gastronomique calorifique!!!', '', ""pas comme ca jtassure ya pas autant de variÃ©tÃ© qu'a tunis. et pas aussi bon. moi jai commencÃ© ya 4 jour. ma recompense sera ce pizza burger carnivore en octobre quand je descend a tunis"", '', ""entre parenthÃ¨se le tacos aussi Ã  l'air mÃ©chant"", '', 'Un tacos sans piti loool on ira ensemble nchlh!!', '', 'sans faute ptit dej diner', '', 'nhar calorie fel smugs', '', 'Houssem Ferchichi bhia pizza win fi naser', '']"
"On a mangÃ© pour vous un brunch Ã  smug's marsa ""the generos"" pour 2 personnes qui contient :
- 2 cafÃ©s au choix,
- 2 jus au choix,
- saucisses
- chicken wings
- poulet en brochette
- lÃ©gumes grillÃ©s,potates
- charcuterie et fromage
- oeufs et sauce Maison
- brochette...";['Slim Becha Ben Romdhane', '', 'Mouna Achour', '', 'Stoufa El Mehdi', '', 'Bedoui Intissar Amira Boughdir un rÃ©gal n3awdo nmchiw mab3adhna :D', '', 'Mais par contre celui a ennasser c une vrai catastrophe! Une vraie arnaque avec des chaises sales, une vaiselle cassÃ©e, des produits pas frais et un service nul! Je comprend pas! Y a une difference entre les differents resto de la mÃªme enseigne???', '', 'Senda Reguei', '', 'Mounira Zribi', '', 'Nidhal Matmati', '', 'ma3 wa9tech youfa leur petit dej svp?', '']
"On a mangÃ© pour vous un brunch Ã  smug's marsa ""the generos"" pour 2 personnes qui contient :
- 2 cafÃ©s au choix,
- 2 jus au choix,
- saucisses
- chicken wings
- poulet en brochette
- lÃ©gumes grillÃ©s,potates
- charcuterie et fromage
- oeufs et sauce Maison
- brochette...";['Slim Becha Ben Romdhane', '', 'Mouna Achour', '', 'Stoufa El Mehdi', '', 'Bedoui Intissar Amira Boughdir un rÃ©gal n3awdo nmchiw mab3adhna :D', '', 'Mais par contre celui a ennasser c une vrai catastrophe! Une vraie arnaque avec des chaises sales, une vaiselle cassÃ©e, des produits pas frais et un service nul! Je comprend pas! Y a une difference entre les differents resto de la mÃªme enseigne???', '', 'Senda Reguei', '', 'Mounira Zribi', '', 'Nidhal Matmati', '', 'ma3 wa9tech youfa leur petit dej svp?', '']
Onctueux et crÃ©meux cheesecake de chez Smug's Ennasr.. et une Ã©quipe toujours aussi souriante et sympathique â¤;"['Non ! A ce point ?', '', 'TrÃ¨s consistant :)', '', 'Prix je crois 8dt', '', 'Pas mal pas mal ! A dÃ©guster forcÃ©ment...', '', 'ur welcome lella Lilia Fth ;)', '', 'Ena je parie mÃ© ifoutich il 5 minutes fi sahni :)', '', ""Bon moi je l'ai mangÃ© sur 6 fois et je l'ai partagÃ© zeda w chay ma 7abech youfa :)"", '', 'Lol :) sahha ou bichfÃ© linnes illi klÃ©t il koll :)', '', 'Hola guapa', '', 'Miam', '']"
Onctueux et crÃ©meux cheesecake de chez Smug's Ennasr.. et une Ã©quipe toujours aussi souriante et sympathique â¤;"['Non ! A ce point ?', '', 'TrÃ¨s consistant :)', '', 'Prix je crois 8dt', '', 'Pas mal pas mal ! A dÃ©guster forcÃ©ment...', '', 'ur welcome lella Lilia Fth ;)', '', 'Ena je parie mÃ© ifoutich il 5 minutes fi sahni :)', '', ""Bon moi je l'ai mangÃ© sur 6 fois et je l'ai partagÃ© zeda w chay ma 7abech youfa :)"", '', 'Lol :) sahha ou bichfÃ© linnes illi klÃ©t il koll :)', '', 'Hola guapa', '', 'Miam', '']"
On a mangÃ© pour vous le sublime Tacos au poulet (10dt900), la fameuse pizza Harley (18dt000) et 2 vanille cherry (6dt500);[]
On a mangÃ© pour vous le sublime Tacos au poulet (10dt900), la fameuse pizza Harley (18dt000) et 2 vanille cherry (6dt500);[]
salade chicken grillÃ©. ..Benna ğŸ˜ğŸ˜;[]
salade chicken grillÃ©. ..Benna ğŸ˜ğŸ˜;[]
A good start for the day, missing this brunch so much.;[]
A good start for the day, missing this brunch so much.;[]
Service bizarre et inhabituel lyoum a .#smugs lac, trÃ©s trÃ©s lent, presk 1h d'attente, de5lin b3athom,des clients yetchakew..service pour la premiÃ¨re fois mÃ©rite 3/10, mais le pti dej est tjs dÃ©licieux 10/10. Nchalah tkoun just lyoum.;[]
Service bizarre et inhabituel lyoum a .#smugs lac, trÃ©s trÃ©s lent, presk 1h d'attente, de5lin b3athom,des clients yetchakew..service pour la premiÃ¨re fois mÃ©rite 3/10, mais le pti dej est tjs dÃ©licieux 10/10. Nchalah tkoun just lyoum.;[]
CrÃªpe thon fromage (7dt500) et nutella thrills (7dt): satisfaction garantie!!;[]
CrÃªpe thon fromage (7dt500) et nutella thrills (7dt): satisfaction garantie!!;[]
Farm crÃªpe (8dt) Tacos poulet (10dt500) , Oreo shake et nutella thrills: mo5ek ye9ef!! Merci pour ces dÃ©licieuses prÃ©parations!!;[]
Farm crÃªpe (8dt) Tacos poulet (10dt500) , Oreo shake et nutella thrills: mo5ek ye9ef!! Merci pour ces dÃ©licieuses prÃ©parations!!;[]
offre du jour exceptionnelle chez Smug's Sousse, chaque chose commandÃ© est servi en double (y) on a alors choisi deux dÃ©licieux frappuccino et deux cheese cake Sneakers et Kinder et les deux Ã©taient malheureusement pas bons du tout 5ater 9dom :/ mais j'y retournerai enchlh fama hajet o5rine bnina ğŸ˜‹ ğŸ˜„;[]
offre du jour exceptionnelle chez Smug's Sousse, chaque chose commandÃ© est servi en double (y) on a alors choisi deux dÃ©licieux frappuccino et deux cheese cake Sneakers et Kinder et les deux Ã©taient malheureusement pas bons du tout 5ater 9dom :/ mais j'y retournerai enchlh fama hajet o5rine bnina ğŸ˜‹ ğŸ˜„;[]
"Yummiiii j'ai mangÃ© pr vs un dÃ©licieux buffalo burger prix 14 d""double cheese double viande"" vrmt c'est un rÃ©gal chez smug's ennaser l'espace troop chargÃ© puisq la bouffe bien soignÃ©e.. Ã©quipe pro!! Chalheureux !! Cadre sympa a ne pas ratÃ©";"[""Asma3 tji l smug's rahi ba7dheya kont tnajem tjibli sandwish m3ak ğŸ˜‚ğŸ˜‚"", '', 'Hhhhhhhhhhhhh je mange tjrs ghadi tawa net3adelek c jours w ras hobi', '', 'Eyyy aman 9bal manebda fil regime ğŸ˜˜ğŸ˜˜ğŸ˜˜ğŸ˜˜', '', 'Behi amoura walah tawa nkalmek menghir manzid nchahik fama barcha fazet bnen 3al le5er', '', 'Chahitouni bech ndhou9', '', 'C trop 14d', '', 'Mmm tro bon', '', ""C'est cher 14d"", '']"
"Yummiiii j'ai mangÃ© pr vs un dÃ©licieux buffalo burger prix 14 d""double cheese double viande"" vrmt c'est un rÃ©gal chez smug's ennaser l'espace troop chargÃ© puisq la bouffe bien soignÃ©e.. Ã©quipe pro!! Chalheureux !! Cadre sympa a ne pas ratÃ©";"[""Asma3 tji l smug's rahi ba7dheya kont tnajem tjibli sandwish m3ak ğŸ˜‚ğŸ˜‚"", '', 'Hhhhhhhhhhhhh je mange tjrs ghadi tawa net3adelek c jours w ras hobi', '', 'Eyyy aman 9bal manebda fil regime ğŸ˜˜ğŸ˜˜ğŸ˜˜ğŸ˜˜', '', 'Behi amoura walah tawa nkalmek menghir manzid nchahik fama barcha fazet bnen 3al le5er', '', 'Chahitouni bech ndhou9', '', 'C trop 14d', '', 'Mmm tro bon', '', ""C'est cher 14d"", '']"
On a mangÃ© pour vous hier soir Ã  Smug's Ennasr, pour changer, une crÃªpe thon fromage (7.5) et un tacos viande hachÃ©e (10.5 d) ! eh ben croyez moi c'Ã©tait une dÃ©couverte, pck d'habitude on prend toujours les hamburger ou la fameuse pizza, mais cette fois ci on voulait changer et on n'a pas Ã©tÃ©...;['Saha.Svp est ce que leurs pizza et hamburger sont recommandÃ©s ?merci', '', 'Tik saha, je recommande vivement. Ma pizza prÃ©fÃ©rÃ©e c celle avec smoky chiken et pour l hamburger je recommande celui au camembert, un dÃ©liiiice', '']
On a mangÃ© pour vous hier soir Ã  Smug's Ennasr, pour changer, une crÃªpe thon fromage (7.5) et un tacos viande hachÃ©e (10.5 d) ! eh ben croyez moi c'Ã©tait une dÃ©couverte, pck d'habitude on prend toujours les hamburger ou la fameuse pizza, mais cette fois ci on voulait changer et on n'a pas Ã©tÃ©...;['Saha.Svp est ce que leurs pizza et hamburger sont recommandÃ©s ?merci', '', 'Tik saha, je recommande vivement. Ma pizza prÃ©fÃ©rÃ©e c celle avec smoky chiken et pour l hamburger je recommande celui au camembert, un dÃ©liiiice', '']
Le fameux Buffalo Burger du Smug's;['I still remember â¤ï¸ when we first met #Buffalo Burger#', '']
Le fameux Buffalo Burger du Smug's;['I still remember â¤ï¸ when we first met #Buffalo Burger#', '']
"TrÃ¨s mauvais plan: Smugs's Sousse
La pire expÃ©rience possible et on Ã©tait pas la seule table Ã  se plaindre !!!
- un serveur incapable de retenir une simple commande (composÃ©e de 4 plats uniquement: 2 hamburgers et 2 crÃªpes), il est revenu 4 fois pour la reprendre et fini par se tromper au final !!!
- une heure d'attente pour ne servir que deux plats puis 20 minutes aprÃ¨s le 3eme et 15 minutes aprÃ¨s le 4eme...et dire que c'est un fast food Ã  la base...
- on a trouvÃ© un cheveu dans un hamburger......";"[""smug's lac c'est horrible aussi"", '', 'Smugs partout c est horrible!!!', '', ""Une fois a smug's lac on a du attendre 1 heure pour la moitiÃ© du petit dej!!!"", '']"
"TrÃ¨s mauvais plan: Smugs's Sousse
La pire expÃ©rience possible et on Ã©tait pas la seule table Ã  se plaindre !!!
- un serveur incapable de retenir une simple commande (composÃ©e de 4 plats uniquement: 2 hamburgers et 2 crÃªpes), il est revenu 4 fois pour la reprendre et fini par se tromper au final !!!
- une heure d'attente pour ne servir que deux plats puis 20 minutes aprÃ¨s le 3eme et 15 minutes aprÃ¨s le 4eme...et dire que c'est un fast food Ã  la base...
- on a trouvÃ© un cheveu dans un hamburger......";"[""smug's lac c'est horrible aussi"", '', 'Smugs partout c est horrible!!!', '', ""Une fois a smug's lac on a du attendre 1 heure pour la moitiÃ© du petit dej!!!"", '']"
"Bonjours tt l monde, on est actuellement Ã  smugÂ´s, les gaufres et les pan cake sont trÃ¨s bon (8.5/10 et 9/10), le icecaramel aussi (8/10). Par contre on a Ã©tÃ© dÃ©Ã§u par le milkshake stobery qui, je prÃ©cise, est fait Ã  partir d'une glace ""thelja"" fraise, celui de 250 mil donc s'a sera un 4/10";[]
"Bonjours tt l monde, on est actuellement Ã  smugÂ´s, les gaufres et les pan cake sont trÃ¨s bon (8.5/10 et 9/10), le icecaramel aussi (8/10). Par contre on a Ã©tÃ© dÃ©Ã§u par le milkshake stobery qui, je prÃ©cise, est fait Ã  partir d'une glace ""thelja"" fraise, celui de 250 mil donc s'a sera un 4/10";[]
Je cherche un bon coin pour petit dej zone lac,marsa....;"['Eric Kayser', '', 'https://www.facebook.com/pavillongourmandtunis/?ref=br_rs', '', ""Smug's"", '', 'Oxford', '', 'Moustache CafÃ©\nAvenue de la Bourse, Tunis\n71 198 241\n\nhttps://goo.gl/maps/fmvrKJ3gZXt', '', '', '', 'Bunker coffee and shop rue de la bourse lac 2', '']"
Je cherche un bon coin pour petit dej zone lac,marsa....;"['Eric Kayser', '', 'https://www.facebook.com/pavillongourmandtunis/?ref=br_rs', '', ""Smug's"", '', 'Oxford', '', 'Moustache CafÃ©\nAvenue de la Bourse, Tunis\n71 198 241\n\nhttps://goo.gl/maps/fmvrKJ3gZXt', '', '', '', 'Bunker coffee and shop rue de la bourse lac 2', '']"
Meilleur brunch sur la banlieue nord ?;"[""smug's"", '', 'Lac ou marsa', '', 'Villa carthage mais sur rÃ©servation', '', 'https://www.facebook.com/Punicart/', ""Punic'Art\nPunic'Art ... Quand l'Ã©vasion porte un nom !\nVenez, sans plus tarder, dÃ©couvrir un lieu digne des plus..."", '', '']"
Meilleur brunch sur la banlieue nord ?;"[""smug's"", '', 'Lac ou marsa', '', 'Villa carthage mais sur rÃ©servation', '', 'https://www.facebook.com/Punicart/', ""Punic'Art\nPunic'Art ... Quand l'Ã©vasion porte un nom !\nVenez, sans plus tarder, dÃ©couvrir un lieu digne des plus..."", '', '']"
Un bon Plan pour un petit dÃ©jeuner zone marsa sidi bou said Carthage nasr ou bien el manezah?;"['Versailles ennasr un dÃ©lice', '', 'Nasbet beb dzira mrawweb w rayeb', '', ""trait d union manzeh\noxford lac\nkeens cafÃ© sidi bou\nsmug's marssa\nthe hills Carthage"", '', ""Versailles Cafe Nasr 25dt les 2 personnes ou punic'art carthage 30dt les 2 personnes"", '', 'coste', '']"
Un bon Plan pour un petit dÃ©jeuner zone marsa sidi bou said Carthage nasr ou bien el manezah?;"['Versailles ennasr un dÃ©lice', '', 'Nasbet beb dzira mrawweb w rayeb', '', ""trait d union manzeh\noxford lac\nkeens cafÃ© sidi bou\nsmug's marssa\nthe hills Carthage"", '', ""Versailles Cafe Nasr 25dt les 2 personnes ou punic'art carthage 30dt les 2 personnes"", '', 'coste', '']"
Bonsoir,une bonne adresse pour un bon petit dÃ©jeuner manar lac .....merci;"['Wolf & Rabbit Manar 2', '', ""Smug's lac matindimch petit original :)"", '', 'Manar sultan ahmed', '', 'Versailles ennasr <3', '', 'Omega lac 2 une tuerie chichi', '', ""Smug's la marsa"", '']"
Bonsoir,une bonne adresse pour un bon petit dÃ©jeuner manar lac .....merci;"['Wolf & Rabbit Manar 2', '', ""Smug's lac matindimch petit original :)"", '', 'Manar sultan ahmed', '', 'Versailles ennasr <3', '', 'Omega lac 2 une tuerie chichi', '', ""Smug's la marsa"", '']"
"SVP meilleur adresse pour petit dej Ã  tunis
merci :)";"['The corner\nTopkapi Lafayette', '', 'The corner', '', 'Punicart', '', ""Smug's Ennaser\nSmug's lac\nSmug's ElMarsa"", '', 'https://www.facebook.com/LeCarnoy/?ref=bookmarks', 'Le Carnoy\nRestaurant cafÃ© et pizzeria\nBoissons chaudes , Boissons FraÃ®ches, CrÃªpes, Gaufres , Hamburger, Pizza feux...\n4.5 stars', '4.5 stars', '4.5 stars']"
"SVP meilleur adresse pour petit dej Ã  tunis
merci :)";"['The corner\nTopkapi Lafayette', '', 'The corner', '', 'Punicart', '', ""Smug's Ennaser\nSmug's lac\nSmug's ElMarsa"", '', 'https://www.facebook.com/LeCarnoy/?ref=bookmarks', 'Le Carnoy\nRestaurant cafÃ© et pizzeria\nBoissons chaudes , Boissons FraÃ®ches, CrÃªpes, Gaufres , Hamburger, Pizza feux...\n4.5 stars', '4.5 stars', '4.5 stars']"
Svp le meilleur cheesecake au lac/ lac2? Merciiiii;"['bardo', '', ""Barista's Lac 1"", '', 'Moustache lac2', '', 'Cheesecake Side a Sidi Bou Said', '', 'la caverne Ã  goÃ»ter ils ont Le meilleur cheesecake en Tunisie ğŸ˜‰', '', ""Smug's"", '', 'Eric kayser lac 1', '', ""barista's"", '', ""Barista's"", '', ""Baista's lac1"", '']"
Svp le meilleur cheesecake au lac/ lac2? Merciiiii;"['bardo', '', ""Barista's Lac 1"", '', 'Moustache lac2', '', 'Cheesecake Side a Sidi Bou Said', '', 'la caverne Ã  goÃ»ter ils ont Le meilleur cheesecake en Tunisie ğŸ˜‰', '', ""Smug's"", '', 'Eric kayser lac 1', '', ""barista's"", '', ""Barista's"", '', ""Baista's lac1"", '']"
Meilleure adresse pour salon du the marsa,lac,aouina,sidi bou,pour pancake bnin;"['Hangar marsa', '', 'DÃ©jÃ  vu lac 2 en de ooredoo', '', 'Shakespeare lac 2', '', ""Smug's ; )"", '']"
Meilleure adresse pour salon du the marsa,lac,aouina,sidi bou,pour pancake bnin;"['Hangar marsa', '', 'DÃ©jÃ  vu lac 2 en de ooredoo', '', 'Shakespeare lac 2', '', ""Smug's ; )"", '']"
Bonjour.petit dej a me proposÃ© zone ariana nacer manzah sauf sultan.ahmet.merci;"['Wolf and rabbit', '', 'http://www.onamangepourvous.tn/etablissements/china-coffee/', 'China Coffee\nonamangepourvous.tn', 'onamangepourvous.tn', ""Smug's"", '', 'Monarc enasser ... 5oudh formule monarc Ã  19d', '', 'Versailles aussi', '', 'Versailles est le meilleure', '', 'La luna ennasr', '']"
Bonjour.petit dej a me proposÃ© zone ariana nacer manzah sauf sultan.ahmet.merci;"['Wolf and rabbit', '', 'http://www.onamangepourvous.tn/etablissements/china-coffee/', 'China Coffee\nonamangepourvous.tn', 'onamangepourvous.tn', ""Smug's"", '', 'Monarc enasser ... 5oudh formule monarc Ã  19d', '', 'Versailles aussi', '', 'Versailles est le meilleure', '', 'La luna ennasr', '']"
une bonne adresse pour manger en famille plz merci;"[""loool ok zone nassr menzah .. et jai envie d'une pizza mat9olich farm house 5ater ri7 ytayer :D"", '', 'Fast chiken burger a la marsa', '', 'c ou Ã  la marsa exactement nadia ?', '', ""VoilÃ  comme Ã§a c plus facile : Pour la pizza jte suggÃ¨re Pizza Burger Ã  Smug's (Lac) mais tes parents ne vont pas apprÃ©cier car c'est une ambiance un peu jeunes\n\nPour une pizza Ã  Ennasr / Manar / Menzah : La Foccacia sans aucun doute. P.S : Farm House ils ont des places Ã  l'intÃ©rieur ;)"", '', ""Smug's / La Focaccia"", '', 'Atopika a la marsa sympatiq', '', ""oui je sais smug's c un peu jeune :/ sinon j'essayerai focaccia peut Ãªtre"", '', ""Je confirme le fast chickens c'est trop bon la bas !!! C'est 22 rue du stade la marsa tu peux y aller les yeux fermÃ©s ;)"", '', ""Tres tres tres satisfaite par le deal de groupodeal Resto l'entracte. Je partage mon experience en photo :) je vais acheter d'autres coupons pour revenir encore au cours mu mois, surtt que c'est a 15dt seulement :)\nwww.groupodeal.tn"", '']"
une bonne adresse pour manger en famille plz merci;"[""loool ok zone nassr menzah .. et jai envie d'une pizza mat9olich farm house 5ater ri7 ytayer :D"", '', 'Fast chiken burger a la marsa', '', 'c ou Ã  la marsa exactement nadia ?', '', ""VoilÃ  comme Ã§a c plus facile : Pour la pizza jte suggÃ¨re Pizza Burger Ã  Smug's (Lac) mais tes parents ne vont pas apprÃ©cier car c'est une ambiance un peu jeunes\n\nPour une pizza Ã  Ennasr / Manar / Menzah : La Foccacia sans aucun doute. P.S : Farm House ils ont des places Ã  l'intÃ©rieur ;)"", '', ""Smug's / La Focaccia"", '', 'Atopika a la marsa sympatiq', '', ""oui je sais smug's c un peu jeune :/ sinon j'essayerai focaccia peut Ãªtre"", '', ""Je confirme le fast chickens c'est trop bon la bas !!! C'est 22 rue du stade la marsa tu peux y aller les yeux fermÃ©s ;)"", '', ""Tres tres tres satisfaite par le deal de groupodeal Resto l'entracte. Je partage mon experience en photo :) je vais acheter d'autres coupons pour revenir encore au cours mu mois, surtt que c'est a 15dt seulement :)\nwww.groupodeal.tn"", '']"
Hekaya Masriya Restaurant;"['Sa7a ,stp c celui de la Marsa ou de Nasr ?', '', ""Stp, j peut avoir l'adresse exact !?"", '', ""Bonsoir, oui c Ã  Ennasr avenue hedi nouira en face smug's .le tÃ©l est 70 850 678 .aujourd'hui c'est notre congÃ© hebdomadaire."", '']"
Hekaya Masriya Restaurant;"['Sa7a ,stp c celui de la Marsa ou de Nasr ?', '', ""Stp, j peut avoir l'adresse exact !?"", '', ""Bonsoir, oui c Ã  Ennasr avenue hedi nouira en face smug's .le tÃ©l est 70 850 678 .aujourd'hui c'est notre congÃ© hebdomadaire."", '']"
Bonjour, bonne adresse svp pour dejeuner au lac1 a part pasta cosi, moule et shili's;"['chouf baboucha wla diamond bleu ;)', '', 'Le bistrot ,de la bonne bouffe et un service rapid', '', ""Smug's 3andhom haja lux"", '', 'Farfalle/ focaccia 101/ la cocotte moule/', '', 'Le carnivore', '', 'La croisette Lac 1. De la bonne nourriture et magnifique vue sur le Lac', '', 'Babboucha le meilleur', '']"
Bonjour, bonne adresse svp pour dejeuner au lac1 a part pasta cosi, moule et shili's;"['chouf baboucha wla diamond bleu ;)', '', 'Le bistrot ,de la bonne bouffe et un service rapid', '', ""Smug's 3andhom haja lux"", '', 'Farfalle/ focaccia 101/ la cocotte moule/', '', 'Le carnivore', '', 'La croisette Lac 1. De la bonne nourriture et magnifique vue sur le Lac', '', 'Babboucha le meilleur', '']"
Des propositions pour un petit dÃ©jeuner au alentour marsa lac sidi bousid merci beaucoup;"['Coste mariouma ;)', '', ""Stelina lac 1 yfata9 sinon smug's"", '']"
Des propositions pour un petit dÃ©jeuner au alentour marsa lac sidi bousid merci beaucoup;"['Coste mariouma ;)', '', ""Stelina lac 1 yfata9 sinon smug's"", '']"
Un bon ptit dej Ã  me conseiller zone lac ou la marsa;['Fin hajoura fel manar ?', '', 'https://www.facebook.com/restaurantsultanahmetelmanar/', 'Restaurant Sultan Ahmet\nRestaurant Trois Fourchettes\n4.5 stars', '4.5 stars', '4.5 stars', 'North shore la marsa', '', 'Gourmandise le meilleur !', '', 'aqua lounge lac 1', '', 'CÃ´tÃ© jardin lac 2', '', 'je dirai gourmandise la marsa :)', '', 'Ouiiii ils ont un brunch succulent !!', '', 'Aqua LOUNGE', '', 'CotÃ© jardin lac2', '']
Un bon ptit dej Ã  me conseiller zone lac ou la marsa;['Fin hajoura fel manar ?', '', 'https://www.facebook.com/restaurantsultanahmetelmanar/', 'Restaurant Sultan Ahmet\nRestaurant Trois Fourchettes\n4.5 stars', '4.5 stars', '4.5 stars', 'North shore la marsa', '', 'Gourmandise le meilleur !', '', 'aqua lounge lac 1', '', 'CÃ´tÃ© jardin lac 2', '', 'je dirai gourmandise la marsa :)', '', 'Ouiiii ils ont un brunch succulent !!', '', 'Aqua LOUNGE', '', 'CotÃ© jardin lac2', '']
Un bon endroit pour un pti dej ?;"[""Loft 27 l'aouina, coin jardin lac 2, Versailles et kraft ennasr hethouma les meilleurs ;)"", '', 'Oxford, so britsh Lac 2', '', ""Smug'sğŸ˜"", '', 'Versailles cafÃ© ennasr, un rÃ©gal', '', 'https://www.facebook.com/Punicart/?hc_ref=SEARCH&fref=nf', ""Punic'Art\nPunic'Art ... Quand l'Ã©vasion porte un nom !\nVenez, sans plus tarder, dÃ©couvrir un lieu digne des plus..."", '', '', 'Coste sidi bou', '', 'Imen Tebbeb Imou', '']"
Un bon endroit pour un pti dej ?;"[""Loft 27 l'aouina, coin jardin lac 2, Versailles et kraft ennasr hethouma les meilleurs ;)"", '', 'Oxford, so britsh Lac 2', '', ""Smug'sğŸ˜"", '', 'Versailles cafÃ© ennasr, un rÃ©gal', '', 'https://www.facebook.com/Punicart/?hc_ref=SEARCH&fref=nf', ""Punic'Art\nPunic'Art ... Quand l'Ã©vasion porte un nom !\nVenez, sans plus tarder, dÃ©couvrir un lieu digne des plus..."", '', '', 'Coste sidi bou', '', 'Imen Tebbeb Imou', '']"
Meilleur pancake zone Ennaser Menzah SVP ? D'avance merci.;"[""smug's"", '', 'Versailles ennasr', '', '', '', 'Merci bcp.', '']"
Meilleur pancake zone Ennaser Menzah SVP ? D'avance merci.;"[""smug's"", '', 'Versailles ennasr', '', '', '', 'Merci bcp.', '']"
Coucou !! SVP un resto sympa Ã  sousse;"[""Smug's"", '', 'Planet food sahloul/beb bhar', '', 'BUON GRANO immeuble ZARROUK sur la GP1 devant dar el7arass', '', 'Merci !!', '']"
Coucou !! SVP un resto sympa Ã  sousse;"[""Smug's"", '', 'Planet food sahloul/beb bhar', '', 'BUON GRANO immeuble ZARROUK sur la GP1 devant dar el7arass', '', 'Merci !!', '']"
Bonjour svp un salon de thÃ© ou on peut manger un trÃ¨s bon cheescake;"['MontrÃ©al cafÃ© au lac 1', '', ""chez Smug's just Ã  cotÃ© de Midway lac 1 c un vrai dÃ©lice ğŸ˜‰"", '', 'la cayenne', '', ""Smug's lac1"", '', ""barista's lac 1"", '', 'Wake up a ennasr 2', '', ""barista's <3"", '', 'queen cafe', '', ""l'atelier ou The Big Apple coffee :)"", '']"
Bonjour svp un salon de thÃ© ou on peut manger un trÃ¨s bon cheescake;"['MontrÃ©al cafÃ© au lac 1', '', ""chez Smug's just Ã  cotÃ© de Midway lac 1 c un vrai dÃ©lice ğŸ˜‰"", '', 'la cayenne', '', ""Smug's lac1"", '', ""barista's lac 1"", '', 'Wake up a ennasr 2', '', ""barista's <3"", '', 'queen cafe', '', ""l'atelier ou The Big Apple coffee :)"", '']"
"On a mangÃ© pour vous une salade Ã  emporter chez smugs lac: trÃ¨s mÃ©diocre, service long malgrÃ© que la commande Ã  Ã©tÃ© passÃ© par tÃ©lÃ©phone a l'avance, en arrivant la salade non encore prÃªte j'ai bien insistÃ© de mettre assez de sauce et vinaigrette, la rÃ©ponse Ã©tait : oui Biensur mais aprÃ¨s je me retrouve avec une quantitÃ© trÃ¨s minime et un morceau de pain froid ( 10cm)
Verdict: Ã  Ã©viter absolument";"['Essaie les salades mte3 le panier un vrai dÃ©lice', '', ""Tawa honnÃªtement tu appelle et tu te deplace et tt Ã§a pr une salade!! W Mel lac et ds un salon de thÃ© ? ?? Et Ã  emporter ! ! Et tu t'attends Ã  quoi??!!"", '', ""Oui je confirme, service lent fi lac mais par contre c'est trop bon! Fi nasr par contre ils sont plus rapides"", '', 'les 2 par contre mta3ek yfat9ou ki Ã§a depend mta3 lamine nahdi', '']"
"On a mangÃ© pour vous une salade Ã  emporter chez smugs lac: trÃ¨s mÃ©diocre, service long malgrÃ© que la commande Ã  Ã©tÃ© passÃ© par tÃ©lÃ©phone a l'avance, en arrivant la salade non encore prÃªte j'ai bien insistÃ© de mettre assez de sauce et vinaigrette, la rÃ©ponse Ã©tait : oui Biensur mais aprÃ¨s je me retrouve avec une quantitÃ© trÃ¨s minime et un morceau de pain froid ( 10cm)
Verdict: Ã  Ã©viter absolument";"['Essaie les salades mte3 le panier un vrai dÃ©lice', '', ""Tawa honnÃªtement tu appelle et tu te deplace et tt Ã§a pr une salade!! W Mel lac et ds un salon de thÃ© ? ?? Et Ã  emporter ! ! Et tu t'attends Ã  quoi??!!"", '', ""Oui je confirme, service lent fi lac mais par contre c'est trop bon! Fi nasr par contre ils sont plus rapides"", '', 'les 2 par contre mta3ek yfat9ou ki Ã§a depend mta3 lamine nahdi', '']"
SVP Un bon coin pour faire un petit dÃ©jeuner Ã  me conseiller ? (Zone de Tunis ) Merci ğŸ˜Š;"['Gourmandise la Marsa le meilleur plan !', '', 'paradice lac 1', '', '3am 5lifa fouchena ye3mil sandwich 7lou w 3dham w rayeb .', '', 'Versailles ennaser', '', ""Smug's"", '', 'Wolf and rabbit le breakfast Ã  22 dt pr 2pers TOP...C LE MEILLEUR SUR TUNIS', '', 'CÃ´tÃ©s jardin petit dÃ©jeuner trÃ¨s copieux et personnel aimable', '']"
SVP Un bon coin pour faire un petit dÃ©jeuner Ã  me conseiller ? (Zone de Tunis ) Merci ğŸ˜Š;"['Gourmandise la Marsa le meilleur plan !', '', 'paradice lac 1', '', '3am 5lifa fouchena ye3mil sandwich 7lou w 3dham w rayeb .', '', 'Versailles ennaser', '', ""Smug's"", '', 'Wolf and rabbit le breakfast Ã  22 dt pr 2pers TOP...C LE MEILLEUR SUR TUNIS', '', 'CÃ´tÃ©s jardin petit dÃ©jeuner trÃ¨s copieux et personnel aimable', '']"
Vos avis concernant Eric Kayser La Marsa Svp ? est-ce le bon choix pour un petit dÃ©j ?! Merci d'avance :);"['omega lac2', '', 'Babboucha au lac 1 ou movempick', '', 'soit movempick kima 9atlek laura soit tu bouffes de la merde hachek', '', 'eric kayser de tunisia mall m a vendu un pain au chocolat infecte qui pue la margarine,et il a le culot de dire que c est du beurre', '', ""D'accord ! Merci tout le monde ;)"", '', ""J'ai pas du tt aimÃ©e leurs viennoiserie ni celui de paul dÃ©solÃ© mais c les pires que j'ai goutÃ© mais je vous conseille cosmitto leurs viennoiserie sa fond dans la bouche et leurs cafÃ© au tiramisu mon prÃ©fÃ©rÃ© chers mais c top meme smug's surtt leurs jus en hiver 7acha ne3met rabi mais leurs pancake au Nutella c bon"", '', 'Ã§a sera le "" Gourmet "" pour cette fois .. on m\'a dit que c super bon ! Merci bcp :)', '', 'Le gourmet ou pavillon gourmand', '', ""Paul c'est un bon choix mais attention je t'accompagne.... Ù†Ø§ Ø¬ÙŠØª Ø²Ø§ÙŠØ± Ø²Ø§ÙŠØ±"", '']"
Vos avis concernant Eric Kayser La Marsa Svp ? est-ce le bon choix pour un petit dÃ©j ?! Merci d'avance :);"['omega lac2', '', 'Babboucha au lac 1 ou movempick', '', 'soit movempick kima 9atlek laura soit tu bouffes de la merde hachek', '', 'eric kayser de tunisia mall m a vendu un pain au chocolat infecte qui pue la margarine,et il a le culot de dire que c est du beurre', '', ""D'accord ! Merci tout le monde ;)"", '', ""J'ai pas du tt aimÃ©e leurs viennoiserie ni celui de paul dÃ©solÃ© mais c les pires que j'ai goutÃ© mais je vous conseille cosmitto leurs viennoiserie sa fond dans la bouche et leurs cafÃ© au tiramisu mon prÃ©fÃ©rÃ© chers mais c top meme smug's surtt leurs jus en hiver 7acha ne3met rabi mais leurs pancake au Nutella c bon"", '', 'Ã§a sera le "" Gourmet "" pour cette fois .. on m\'a dit que c super bon ! Merci bcp :)', '', 'Le gourmet ou pavillon gourmand', '', ""Paul c'est un bon choix mais attention je t'accompagne.... Ù†Ø§ Ø¬ÙŠØª Ø²Ø§ÙŠØ± Ø²Ø§ÙŠØ±"", '']"
Bsr ,svp des propositions pour un dÃ©licieux ptit dÃ©j zone ennasr ou menzah ! merci;"['Kraft ennaser ou bien Versailles', '', ""'Wolf and Lamb' Manar 2"", '', 'Versailles enassr ou bien vogue menzeh 8', '', 'Versailles ennasr', '', 'Versailles cafÃ© ennasr', '', 'smug ou versaille le meilleur', '', ""Smugs c'est le meilleur"", '']"
Bsr ,svp des propositions pour un dÃ©licieux ptit dÃ©j zone ennasr ou menzah ! merci;"['Kraft ennaser ou bien Versailles', '', ""'Wolf and Lamb' Manar 2"", '', 'Versailles enassr ou bien vogue menzeh 8', '', 'Versailles ennasr', '', 'Versailles cafÃ© ennasr', '', 'smug ou versaille le meilleur', '', ""Smugs c'est le meilleur"", '']"
Bonjour une bonne adresse pour manger des panncakes Ã  part beans and co;"['Les tÃªtes brÃ»lÃ©es menzah 5 Ã  cÃ´tÃ© du Java', '', ""Smug's"", '']"
Bonjour une bonne adresse pour manger des panncakes Ã  part beans and co;"['Les tÃªtes brÃ»lÃ©es menzah 5 Ã  cÃ´tÃ© du Java', '', ""Smug's"", '']"
"Une bonne adresse pour un ptit dej succulent aux environs du lac ou la marsa svp; merci!";"[""3zizty il ya l'aquatic au lac sinon smug's au lac et a la marsa. Enjoy ;)"", '', ""Ã§a n'existe pas un petit dej succulent en Tunisie malheureusement :D"", '', 'CÃ´tÃ© jardin ou fly (lac2 )', '', 'Cooks a Sidi bou said', '', 'Fly lac 2', '', 'Merci beaucoup !', '', 'bleues house Ã  la marsa et aux Champs ElysÃ©es au lac', '']"
"Une bonne adresse pour un ptit dej succulent aux environs du lac ou la marsa svp; merci!";"[""3zizty il ya l'aquatic au lac sinon smug's au lac et a la marsa. Enjoy ;)"", '', ""Ã§a n'existe pas un petit dej succulent en Tunisie malheureusement :D"", '', 'CÃ´tÃ© jardin ou fly (lac2 )', '', 'Cooks a Sidi bou said', '', 'Fly lac 2', '', 'Merci beaucoup !', '', 'bleues house Ã  la marsa et aux Champs ElysÃ©es au lac', '']"
Win najem nekel gauffre bnina f lac ? Merciii;"['Smug ama coste reste tj la meilleure', '', 'a3mel tanguiza lel coste ;)', '', 'Coste c beaucoup mieux', '', 'CÃ´tÃ© jardin lac 2, Aqua lac 1', '', 'Beans and co fi I aouina', '', 'Beans and co el aouina gauffre nutella pistache', '', 'Coste', '', 'elle a dit lac :)))))', '', 'LAGUNA', '', 'Coste ğŸ’ŸğŸ’—ğŸ’–ğŸ’“ğŸ’ğŸ’', '']"
Win najem nekel gauffre bnina f lac ? Merciii;"['Smug ama coste reste tj la meilleure', '', 'a3mel tanguiza lel coste ;)', '', 'Coste c beaucoup mieux', '', 'CÃ´tÃ© jardin lac 2, Aqua lac 1', '', 'Beans and co fi I aouina', '', 'Beans and co el aouina gauffre nutella pistache', '', 'Coste', '', 'elle a dit lac :)))))', '', 'LAGUNA', '', 'Coste ğŸ’ŸğŸ’—ğŸ’–ğŸ’“ğŸ’ğŸ’', '']"
Une bonne adresse pour un bon petit dÃ©j svp ??;"['The big dip Lac 2 ;)', '', 'Bayioke Lac 1', '', ""cook's tope tope"", '', '17 boulvard de belleville', '', 'Nakcha ;)', '', 'SmugÂ´s lac 1', '', 'CÃ´te jardin lac2', '']"
Une bonne adresse pour un bon petit dÃ©j svp ??;"['The big dip Lac 2 ;)', '', 'Bayioke Lac 1', '', ""cook's tope tope"", '', '17 boulvard de belleville', '', 'Nakcha ;)', '', 'SmugÂ´s lac 1', '', 'CÃ´te jardin lac2', '']"
aslema , ou peut on trouvÃ© une bonne pizza? (zone lac);"[""Smug's"", '', 'Pizza lago', '', 'Little Italy - La Marsa', '', 'merci beaucoup ğŸ˜â¤ï¸', '']"
aslema , ou peut on trouvÃ© une bonne pizza? (zone lac);"[""Smug's"", '', 'Pizza lago', '', 'Little Italy - La Marsa', '', 'merci beaucoup ğŸ˜â¤ï¸', '']"
Le meilleur hamburger sur tunis svp ??? Merci et trÃ¨s bonne soirÃ©e;"['le zink prend le digue de toi w tfakar wkhaytek :D', '', 'Le carmine je te conseille mr', '', 'Doddle (la Marsa) !!', '', 'Zinc', '', ""Smug's ğŸ˜ğŸ˜"", '', 'Doddle, je dirais..', '', 'Le zink sans hÃ©sitation mais d aprÃ¨s leur page ils sont fermÃ©s ce weekend donc reporte pour la semaine prochaine ;)', '', 'La fabrique', '', 'Le zinc', '', 'Le zink', '']"
Le meilleur hamburger sur tunis svp ??? Merci et trÃ¨s bonne soirÃ©e;"['le zink prend le digue de toi w tfakar wkhaytek :D', '', 'Le carmine je te conseille mr', '', 'Doddle (la Marsa) !!', '', 'Zinc', '', ""Smug's ğŸ˜ğŸ˜"", '', 'Doddle, je dirais..', '', 'Le zink sans hÃ©sitation mais d aprÃ¨s leur page ils sont fermÃ©s ce weekend donc reporte pour la semaine prochaine ;)', '', 'La fabrique', '', 'Le zinc', '', 'Le zink', '']"
Bonjour les amis svp un bon plan de pte dej zone grand tunis ?? Merci;"['Rabit and Wolf menzah 9', '', ""Smug's la marsa"", '', 'Versailles ennasr, un dÃ©lice', '', ""Punic'art salambo"", '', 'Vogue', '', ""Punic'Art"", '', 'Surtout pas punic art', '', 'Ene naaref o me n9oulch :p :p', '', 'Ton bureau ğŸ˜', '', 'bch thzni m3ak :p', '']"
Bonjour les amis svp un bon plan de pte dej zone grand tunis ?? Merci;"['Rabit and Wolf menzah 9', '', ""Smug's la marsa"", '', 'Versailles ennasr, un dÃ©lice', '', ""Punic'art salambo"", '', 'Vogue', '', ""Punic'Art"", '', 'Surtout pas punic art', '', 'Ene naaref o me n9oulch :p :p', '', 'Ton bureau ğŸ˜', '', 'bch thzni m3ak :p', '']"
Ou je trouve le meilleure hamburger ? (Nasr et les manezah);"['Zink', '', 'Le zink menzah 1Le top du top', '', 'le zink', '', 'Burger time menzah1', '', 'Alors zink est le meilleur', '', 'De loin', '', 'Mamma Time', '', ""Smug's nasr"", '', 'Bull burger menzah 6', '']"
Ou je trouve le meilleure hamburger ? (Nasr et les manezah);"['Zink', '', 'Le zink menzah 1Le top du top', '', 'le zink', '', 'Burger time menzah1', '', 'Alors zink est le meilleur', '', 'De loin', '', 'Mamma Time', '', ""Smug's nasr"", '', 'Bull burger menzah 6', '']"
Bonsoir une bonne pizzeria Ã  Tunis svp;"['Slice and slicy la marsa', '', 'La Tavernetta La Marsa', '', 'Biwa au Lac', '', 'Andiamo la marsa', '', 'Alors le meilleur pizza c dÃ©cidÃ© ?', '', ""J'ai essayÃ© Pizza lago et c'est pas mal"", '']"
Bonsoir une bonne pizzeria Ã  Tunis svp;"['Slice and slicy la marsa', '', 'La Tavernetta La Marsa', '', 'Biwa au Lac', '', 'Andiamo la marsa', '', 'Alors le meilleur pizza c dÃ©cidÃ© ?', '', ""J'ai essayÃ© Pizza lago et c'est pas mal"", '']"
Bsr, svp petit dÃ©jeunÃ© pour 2 personnes behi fi lac, merci;"['Shakespeare lac 2', '', 'Svp mouna, service behi, w kadech, fin exactement, merci bcp :)', '', 'Fama menu ptit dej pour deux personne a 17 dinars taarefha forum mta lafrah ?? W ken service tayara odkhel al page fb mte3hom w khoudh fekra', '', 'https://m.facebook.com/shakespearetunis', 'Shakespeare tunis\nWe are honoured to invite you all to explore Shakespeareâ€™s world in Tunisiaâ€¦ Come join us and...', '', '', 'Oui mouna, na3rafha, merci bcp :*', '', 'Acquatic', '', ""Smug's a cÃ´tÃ© de l'hÃ´tel Concorde"", '']"
Bsr, svp petit dÃ©jeunÃ© pour 2 personnes behi fi lac, merci;"['Shakespeare lac 2', '', 'Svp mouna, service behi, w kadech, fin exactement, merci bcp :)', '', 'Fama menu ptit dej pour deux personne a 17 dinars taarefha forum mta lafrah ?? W ken service tayara odkhel al page fb mte3hom w khoudh fekra', '', 'https://m.facebook.com/shakespearetunis', 'Shakespeare tunis\nWe are honoured to invite you all to explore Shakespeareâ€™s world in Tunisiaâ€¦ Come join us and...', '', '', 'Oui mouna, na3rafha, merci bcp :*', '', 'Acquatic', '', ""Smug's a cÃ´tÃ© de l'hÃ´tel Concorde"", '']"
Yaa jme3a brabi a3tiwni idÃ©e win najm na3ml pti dej behi ??;['m3a chkoun ya 7aloufa', '', 'The corner\nTopkapi', '', 'Le coppola la marsa', '', 'Chni zone??', '', 'the corner,beyrouth cafÃ© ennasr,716', '', 'Chesterfield ennasr', '', '!!!!!!!!!!!!', '', 'the corner', '', '3and 3imed weld el haj', '', 'Cottoncake berges du lac', '']
Yaa jme3a brabi a3tiwni idÃ©e win najm na3ml pti dej behi ??;['m3a chkoun ya 7aloufa', '', 'The corner\nTopkapi', '', 'Le coppola la marsa', '', 'Chni zone??', '', 'the corner,beyrouth cafÃ© ennasr,716', '', 'Chesterfield ennasr', '', '!!!!!!!!!!!!', '', 'the corner', '', '3and 3imed weld el haj', '', 'Cottoncake berges du lac', '']
Bonjour, ou esq je peux trouver des pancakes Ã  tunis svp?? Merci d'avance ğŸ˜Š;"['beans and co laaouina', '', 'ICI https://www.facebook.com/pages/Ci-Gusta-Ennasr-2/339968032865953?fref=ts', 'Ci Gusta Ennasr 2\nci gusta! is a brand conceived to bring Italian artisanship to the rest of the world with a range of high...\n4 stars', '4 stars', '4 stars', ""Smug's lac"", '', 'Merci beaucoup', '', ""Cook's Sidi Bou Said"", '', 'mich behilek tesmen :P', '', 'Marouen chwaya kahaw moch barcha! Lol', '', 'hhh behi immba3d 9olli mela :3', '', 'CafÃ© toquÃ© la marsa', '', 'https://www.facebook.com/tastyycoffeeshop\nUn vrai dÃ©lice', 'Tasty\nSmoothie & Juice Bar', '', '']"
Bonjour, ou esq je peux trouver des pancakes Ã  tunis svp?? Merci d'avance ğŸ˜Š;"['beans and co laaouina', '', 'ICI https://www.facebook.com/pages/Ci-Gusta-Ennasr-2/339968032865953?fref=ts', 'Ci Gusta Ennasr 2\nci gusta! is a brand conceived to bring Italian artisanship to the rest of the world with a range of high...\n4 stars', '4 stars', '4 stars', ""Smug's lac"", '', 'Merci beaucoup', '', ""Cook's Sidi Bou Said"", '', 'mich behilek tesmen :P', '', 'Marouen chwaya kahaw moch barcha! Lol', '', 'hhh behi immba3d 9olli mela :3', '', 'CafÃ© toquÃ© la marsa', '', 'https://www.facebook.com/tastyycoffeeshop\nUn vrai dÃ©lice', 'Tasty\nSmoothie & Juice Bar', '', '']"
bonjour ou pourrais je commander d excellents gateaux maison;"['Mme Bouslama, Menzah 8', '', ""Smug's la marsa"", '', 'patisserie la chandelle :)', '', 'https://m.facebook.com/DARABBES/', 'Dar ABBES\nDar ABBES propose des pÃ¢tisseries de qualitÃ©, rÃ©alisÃ©es de maniÃ¨re artisanale. Contactez-nous au...\n5 stars', '5 stars', '5 stars', ""Je vous conseil SucrÃ© et salÃ© Mme Bannour c'est propre et tres bon !"", '']"
bonjour ou pourrais je commander d excellents gateaux maison;"['Mme Bouslama, Menzah 8', '', ""Smug's la marsa"", '', 'patisserie la chandelle :)', '', 'https://m.facebook.com/DARABBES/', 'Dar ABBES\nDar ABBES propose des pÃ¢tisseries de qualitÃ©, rÃ©alisÃ©es de maniÃ¨re artisanale. Contactez-nous au...\n5 stars', '5 stars', '5 stars', ""Je vous conseil SucrÃ© et salÃ© Mme Bannour c'est propre et tres bon !"", '']"
Bonjour , svp un endroit idÃ©al pour un petit dÃ©jeuner f lac et merci.;['Chez moi', '', 'SmugÂ´s', '']
Bonjour , svp un endroit idÃ©al pour un petit dÃ©jeuner f lac et merci.;['Chez moi', '', 'SmugÂ´s', '']
Un dÃ©lice ! 3alami ^_^;"[""that moment when you get tired min maklit il ma9rouna w tra hetha :'("", '', 'Inas Ben Jemaa Wiem Bachwel', '', 'Mmmmm', '', 'c koi ce plat ? son prix', '', ""c'est ou ??? cette endroit"", '', 'Khawla, Wided', '', ""En premier plan c'est The SmugÂ´s Pizza Burger :)"", '', 'Yup et yasser bninaaaa ^^', '', 'Mourad Mokrani we have to go', '', 'Ouiiiiiiiiii', '']"
Un dÃ©lice ! 3alami ^_^;"[""that moment when you get tired min maklit il ma9rouna w tra hetha :'("", '', 'Inas Ben Jemaa Wiem Bachwel', '', 'Mmmmm', '', 'c koi ce plat ? son prix', '', ""c'est ou ??? cette endroit"", '', 'Khawla, Wided', '', ""En premier plan c'est The SmugÂ´s Pizza Burger :)"", '', 'Yup et yasser bninaaaa ^^', '', 'Mourad Mokrani we have to go', '', 'Ouiiiiiiiiii', '']"
"Quelqu'un connait-il le resto ""Bon kif"" Ã  Nabeul svp ?";"['Top de top', '', 'Fih mekla bnina bon mana3rafch service mte3ou 5ater wa9t ha 5dhina mekla rawa7na beha .. mais bniiiina :)', '', ""newtown ennasr walla smug's lac"", '', 'Fih mekla behia snob yasser welfatoura tekhwi', '']"
"Quelqu'un connait-il le resto ""Bon kif"" Ã  Nabeul svp ?";"['Top de top', '', 'Fih mekla bnina bon mana3rafch service mte3ou 5ater wa9t ha 5dhina mekla rawa7na beha .. mais bniiiina :)', '', ""newtown ennasr walla smug's lac"", '', 'Fih mekla behia snob yasser welfatoura tekhwi', '']"
Salut, OÃ¹ peut-on manger de bons Pancakes au Lac 1 ou 2?;"['Famma fel aouina mish b3id 3al lac\nbeans & co', '', ""Smug's mahomch 5aybin"", '', 'Eric kayser lac1', '']"
Salut, OÃ¹ peut-on manger de bons Pancakes au Lac 1 ou 2?;"['Famma fel aouina mish b3id 3al lac\nbeans & co', '', ""Smug's mahomch 5aybin"", '', 'Eric kayser lac1', '']"
OÃ¹ trouver de bons cheesecakes ?;"['cheesecake side sidi bousaid', '', ""Barista's"", '', 'Lili CupCakes La Marsa trÃ¨s gentil et tres bonne les cheesecake!', '', ""Smug's"", '', 'Cheese cake menzeh9 Ã  cÃ´tÃ© de la BNA', '', 'Merci tt le monde ğŸ˜™', '', 'The CRowd mÃ©grine', '', 'Houssem Aloui win bethabet the crowd?', '', 'Jdida ba7dha facultÃ© l UPES 9odem l 9antra mta3 sidi rzig', '', 'Ah daccord merci', '']"
OÃ¹ trouver de bons cheesecakes ?;"['cheesecake side sidi bousaid', '', ""Barista's"", '', 'Lili CupCakes La Marsa trÃ¨s gentil et tres bonne les cheesecake!', '', ""Smug's"", '', 'Cheese cake menzeh9 Ã  cÃ´tÃ© de la BNA', '', 'Merci tt le monde ğŸ˜™', '', 'The CRowd mÃ©grine', '', 'Houssem Aloui win bethabet the crowd?', '', 'Jdida ba7dha facultÃ© l UPES 9odem l 9antra mta3 sidi rzig', '', 'Ah daccord merci', '']"
ou je peut manger un trÃ¨s bon hamburger svp ?;"['Chilis manar 2 ou big Burger autoroute marsa', '', 'doodle marsa', '', 'Zink', '', ""Le Zink c'est super bon mais super cher aussi ! Doodle c'est super bon et moins cher ..donc faut voir avec ton budget."", '', 'geek', '', 'Doodle la marsa', '', 'Oh Mac Tunis', '', 'Mc do !', '', 'Zink', '', ""Smug's ennasr Wala lac 1 trÃ¨s trÃ¨s bon ğŸ˜Š"", '']"
ou je peut manger un trÃ¨s bon hamburger svp ?;"['Chilis manar 2 ou big Burger autoroute marsa', '', 'doodle marsa', '', 'Zink', '', ""Le Zink c'est super bon mais super cher aussi ! Doodle c'est super bon et moins cher ..donc faut voir avec ton budget."", '', 'geek', '', 'Doodle la marsa', '', 'Oh Mac Tunis', '', 'Mc do !', '', 'Zink', '', ""Smug's ennasr Wala lac 1 trÃ¨s trÃ¨s bon ğŸ˜Š"", '']"
"Bch tanshouni ,nheb petit dej lac1 ou lac2 w soum ma39oul ,MERCi ;) ;) ;)";"['https://m.facebook.com/profile.php?id=343504659173549', ""Feel'In - Gourmet Gallery\nRestaurant-Salon de thÃ© qui vous propose de la cuisine de qualitÃ© Ã  base de produits frais et naturels.\n4.5 stars"", '4.5 stars', '4.5 stars', 'https://m.facebook.com/GrandBuffetLac', 'Smart Shopping TV\nTele achat En tunisie\n4.5 stars', '4.5 stars', '4.5 stars', 'Fatma Fakhfekh c oÃ¹ exactement ?', '', ""Smug's"", '', ""Rihab KrissaaneC dans le passage ki est en face de l'ecole primaire o lac 1 et cette derniÃ¨re se trouve dans la rue oÃ¹ il y a chopain."", '', 'Fatma Fakhfekh merci :*', '']"
"Bch tanshouni ,nheb petit dej lac1 ou lac2 w soum ma39oul ,MERCi ;) ;) ;)";"['https://m.facebook.com/profile.php?id=343504659173549', ""Feel'In - Gourmet Gallery\nRestaurant-Salon de thÃ© qui vous propose de la cuisine de qualitÃ© Ã  base de produits frais et naturels.\n4.5 stars"", '4.5 stars', '4.5 stars', 'https://m.facebook.com/GrandBuffetLac', 'Smart Shopping TV\nTele achat En tunisie\n4.5 stars', '4.5 stars', '4.5 stars', 'Fatma Fakhfekh c oÃ¹ exactement ?', '', ""Smug's"", '', ""Rihab KrissaaneC dans le passage ki est en face de l'ecole primaire o lac 1 et cette derniÃ¨re se trouve dans la rue oÃ¹ il y a chopain."", '', 'Fatma Fakhfekh merci :*', '']"
On a voulu MANGER pour vous chez LES DALTON aux berges du Lac mais on a seulement BU pour vous ! Sachant quâ€™on avait des coupons dâ€™une valeur totale de 40 dinars de consommation au choix chez eux ! On a aussi rÃ©servÃ© avant 3 jours puisquâ€™ils lâ€™ont exigÃ© ! (remarque : on Ã©tait un groupe de 4...;"['parce que les coupons on les a achetÃ© de Bigdeal et c\'est Ã©crit ""rÃ©servation avant 3 jours"" ! Les gens qui y sont allÃ© sans rÃ©servation ils ont Ã©tÃ© obligÃ© de payer ! Le gÃ©rant a refusÃ© de prendre leur coupons!! chay ibahhÃ©Ã©ttt !!! w ibakkii wallah', '', ""je confirme !! comparer Les Dalton avec barista's , cosmitto, smug's et cook's c'est comparer l'incomparables !!!"", '', 'Big deal=big arnaque', '', ""non .. j'ai achetÃ© plusieurs offres de bigdeal et j'Ã©tais toujours satisfaite !"", '']"
On a voulu MANGER pour vous chez LES DALTON aux berges du Lac mais on a seulement BU pour vous ! Sachant quâ€™on avait des coupons dâ€™une valeur totale de 40 dinars de consommation au choix chez eux ! On a aussi rÃ©servÃ© avant 3 jours puisquâ€™ils lâ€™ont exigÃ© ! (remarque : on Ã©tait un groupe de 4...;"['parce que les coupons on les a achetÃ© de Bigdeal et c\'est Ã©crit ""rÃ©servation avant 3 jours"" ! Les gens qui y sont allÃ© sans rÃ©servation ils ont Ã©tÃ© obligÃ© de payer ! Le gÃ©rant a refusÃ© de prendre leur coupons!! chay ibahhÃ©Ã©ttt !!! w ibakkii wallah', '', ""je confirme !! comparer Les Dalton avec barista's , cosmitto, smug's et cook's c'est comparer l'incomparables !!!"", '', 'Big deal=big arnaque', '', ""non .. j'ai achetÃ© plusieurs offres de bigdeal et j'Ã©tais toujours satisfaite !"", '']"
je cherche un endroit sympa au lac pour petit dej entre amis ?? pas de 716 surtt :);"[""Smug's"", '', 'Diamond ou b1 biwa aquatic ahawkma bejnab b3athhom sinn lakeclub', '', 'aqua lounge', '', 'Biwa tfata9 sba7', '', 'oui tourje', '', 'Shakespeare', '', ""A qu'Ã  louange dimanche matin un buffet Ã  volontÃ©"", '', 'cotÃ© jardiin', '', ""l'aquatic lac 1 yesser tayara ou bien la tournelle sidi bou"", '']"
je cherche un endroit sympa au lac pour petit dej entre amis ?? pas de 716 surtt :);"[""Smug's"", '', 'Diamond ou b1 biwa aquatic ahawkma bejnab b3athhom sinn lakeclub', '', 'aqua lounge', '', 'Biwa tfata9 sba7', '', 'oui tourje', '', 'Shakespeare', '', ""A qu'Ã  louange dimanche matin un buffet Ã  volontÃ©"", '', 'cotÃ© jardiin', '', ""l'aquatic lac 1 yesser tayara ou bien la tournelle sidi bou"", '']"
Salut, oÃº est ce que je peux trouver de bons hamburgers Ã  part le zink?;['Bb gourmet m6', '', 'Le Carmine', '', 'Doodle Ã  la Marsa', '', 'Doudle', '', 'Doodle', '', 'Bb gourmet hani ghadi miam miamğŸ˜œğŸ˜œğŸ˜œ', '', 'North Shore - Coffee and Snack', '', 'Burdy s ennaser', '', 'moustache j adooooooooooooooooooooore', '']
Salut, oÃº est ce que je peux trouver de bons hamburgers Ã  part le zink?;['Bb gourmet m6', '', 'Le Carmine', '', 'Doodle Ã  la Marsa', '', 'Doudle', '', 'Doodle', '', 'Bb gourmet hani ghadi miam miamğŸ˜œğŸ˜œğŸ˜œ', '', 'North Shore - Coffee and Snack', '', 'Burdy s ennaser', '', 'moustache j adooooooooooooooooooooore', '']
